"C:/Unreal_Study/UE5/UE_Project/MyProject/MyProject.uproject" 1
"../../../../../../Unreal_Study/UE5/UE_Project/MyProject/Binaries/Win64/UnrealEditor-Win64-DebugGame.modules" 2
"../../../Engine/Plugins/EnhancedInput/EnhancedInput.uplugin" 3
"../../../Engine/Plugins/Bridge/Bridge.uplugin" 4
"../../../Engine/Plugins/BlueprintFileUtils/BlueprintFileUtils.uplugin" 5
"../../../Engine/Plugins/AudioGameplay/AudioGameplay.uplugin" 6
"../../../Engine/Plugins/MemoryUsageQueries/MemoryUsageQueries.uplugin" 7
"../../../Engine/Plugins/XGEController/XGEController.uplugin" 8
"../../../Engine/Plugins/AudioGameplayVolume/AudioGameplayVolume.uplugin" 9
"../../../Engine/Plugins/LightWeightInstancesEditor/LightWeightInstancesEditor.uplugin" 10
"../../../Engine/Plugins/MeshPainting/MeshPainting.uplugin" 11
"../../../Engine/Plugins/FastBuildController/FastBuildController.uplugin" 12
"../../../Engine/Plugins/Fab/Fab.uplugin" 13
"../../../Engine/Plugins/ScriptPlugin/ScriptPlugin.uplugin" 14
"../../../Engine/Plugins/Online/OnlineFramework/OnlineFramework.uplugin" 15
"../../../Engine/Plugins/AI/AISupport/AISupport.uplugin" 16
"../../../Engine/Plugins/Protocols/MQTT/MQTT.uplugin" 17
"../../../Engine/Plugins/Online/OnlineServicesNull/OnlineServicesNull.uplugin" 18
"../../../Engine/Plugins/JsonBlueprintUtilities/JsonBlueprintUtilities.uplugin" 19
"../../../Engine/Plugins/Online/OnlineBase/OnlineBase.uplugin" 20
"../../../Engine/Plugins/RenderGraphInsights/RenderGraphInsights.uplugin" 21
"../../../Engine/Plugins/TraceUtilities/TraceUtilities.uplugin" 22
"../../../Engine/Plugins/Online/OnlineSubsystemNull/OnlineSubsystemNull.uplugin" 23
"../../../Engine/Plugins/Compression/OodleNetwork/OodleNetwork.uplugin" 24
"../../../Engine/Plugins/AI/HTNPlanner/HTNPlanner.uplugin" 25
"../../../Engine/Plugins/Online/OnlineSubsystem/OnlineSubsystem.uplugin" 26
"../../../Engine/Plugins/Online/OnlineServicesEOSGS/OnlineServicesEOSGS.uplugin" 27
"../../../Engine/Plugins/Online/OnlineServicesEOS/OnlineServicesEOS.uplugin" 28
"../../../Engine/Plugins/Online/OnlineServices/OnlineServices.uplugin" 29
"../../../Engine/Plugins/Online/OnlineSubsystemAmazon/OnlineSubsystemAmazon.uplugin" 30
"../../../Engine/Plugins/Online/OnlineSubsystemGoogle/OnlineSubsystemGoogle.uplugin" 31
"../../../Engine/Plugins/2D/Paper2D/Paper2D.uplugin" 32
"../../../Engine/Plugins/AI/MassCrowd/MassCrowd.uplugin" 33
"../../../Engine/Plugins/Animation/ACLPlugin/ACLPlugin.uplugin" 34
"../../../Engine/Plugins/Online/OnlineSubsystemEOS/OnlineSubsystemEOS.uplugin" 35
"../../../Engine/Plugins/AI/MassAI/MassAI.uplugin" 36
"../../../Engine/Plugins/Online/EOSShared/EOSShared.uplugin" 37
"../../../Engine/Plugins/Online/OnlineSubsystemOculus/OnlineSubsystemOculus.uplugin" 38
"../../../Engine/Plugins/Animation/BlendSpaceMotionAnalysis/BlendSpaceMotionAnalysis.uplugin" 39
"../../../Engine/Plugins/Animation/ControlRigSpline/ControlRigSpline.uplugin" 40
"../../../Engine/Plugins/Animation/ControlRig/ControlRig.uplugin" 41
"../../../Engine/Plugins/Animation/IKRig/IKRig.uplugin" 42
"../../../Engine/Plugins/Animation/LiveLink/LiveLink.uplugin" 43
"../../../Engine/Plugins/Animation/LiveLinkCurveDebugUI/LiveLinkCurveDebugUI.uplugin" 44
"../../../Engine/Plugins/Online/SocketSubsystemEOS/SocketSubsystemEOS.uplugin" 45
"../../../Engine/Plugins/Online/WebAuth/WebAuth.uplugin" 46
"../../../Engine/Plugins/Compositing/LensDistortion/LensDistortion.uplugin" 47
"../../../Engine/Plugins/Compositing/OpenCVLensDistortion/OpenCVLensDistortion.uplugin" 48
"../../../Engine/Plugins/Online/OnlineServicesOSSAdapter/OnlineServicesOSSAdapter.uplugin" 49
"../../../Engine/Plugins/Animation/AnimationLocomotionLibrary/AnimationLocomotionLibrary.uplugin" 50
"../../../Engine/Plugins/Animation/AnimationData/AnimationData.uplugin" 51
"../../../Engine/Plugins/Developer/GitSourceControl/GitSourceControl.uplugin" 52
"../../../Engine/Plugins/Developer/KDevelopSourceCodeAccess/KDevelopSourceCodeAccess.uplugin" 53
"../../../Engine/Plugins/Portal/LauncherChunkInstaller/LauncherChunkInstaller.uplugin" 54
"../../../Engine/Plugins/Developer/NullSourceCodeAccess/NullSourceCodeAccess.uplugin" 55
"../../../Engine/Plugins/Developer/PropertyAccessNode/PropertyAccessNode.uplugin" 56
"../../../Engine/Plugins/Animation/DeformerGraph/DeformerGraph.uplugin" 57
"../../../Engine/Plugins/AI/EnvironmentQueryEditor/EnvironmentQueryEditor.uplugin" 58
"../../../Engine/Plugins/Animation/GameplayInsights/GameplayInsights.uplugin" 59
"../../../Engine/Plugins/Online/OnlineSubsystemSteam/OnlineSubsystemSteam.uplugin" 60
"../../../Engine/Plugins/Developer/RiderSourceCodeAccess/RiderSourceCodeAccess.uplugin" 61
"../../../Engine/Plugins/Animation/MotionWarping/MotionWarping.uplugin" 62
"../../../Engine/Plugins/Developer/TextureFormatOodle/TextureFormatOodle.uplugin" 63
"../../../Engine/Plugins/Performance/PerformanceMonitor/PerformanceMonitor.uplugin" 64
"../../../Engine/Plugins/Compositing/Composure/Composure.uplugin" 65
"../../../Engine/Plugins/AI/MLAdapter/MLAdapter.uplugin" 66
"../../../Engine/Plugins/Developer/TraceSourceFiltering/TraceSourceFilters.uplugin" 67
"../../../Engine/Plugins/Developer/VisualStudioCodeSourceCodeAccess/VisualStudioCodeSourceCodeAccess.uplugin" 68
"../../../Engine/Plugins/Developer/CLionSourceCodeAccess/CLionSourceCodeAccess.uplugin" 69
"../../../Engine/Plugins/Developer/AnimationSharing/AnimationSharing.uplugin" 70
"../../../Engine/Plugins/Developer/BlankPlugin/BlankPlugin.uplugin" 71
"../../../Engine/Plugins/Tests/FbxAutomationTestBuilder/FbxAutomationTestBuilder.uplugin" 72
"../../../Engine/Plugins/Tests/EditorTests/EditorTests.uplugin" 73
"../../../Engine/Plugins/Animation/AnimationModifierLibrary/AnimationModifierLibrary.uplugin" 74
"../../../Engine/Plugins/Animation/AnimationWarping/AnimationWarping.uplugin" 75
"../../../Engine/Plugins/Developer/N10XSourceCodeAccess/N10XSourceCodeAccess.uplugin" 76
"../../../Engine/Plugins/Online/OnlineSubsystemTencent/OnlineSubsystemTencent.uplugin" 77
"../../../Engine/Plugins/Developer/OneSkyLocalizationService/OneSkyLocalizationService.uplugin" 78
"../../../Engine/Plugins/Developer/PerforceSourceControl/PerforceSourceControl.uplugin" 79
"../../../Engine/Plugins/Tests/RHITests/RHITests.uplugin" 80
"../../../Engine/Plugins/Developer/PlasticSourceControl/PlasticSourceControl.uplugin" 81
"../../../Engine/Plugins/Tests/WidgetAutomationTests/WidgetAutomationTests.uplugin" 82
"../../../Engine/Plugins/Runtime/ActorLayerUtilities/ActorLayerUtilities.uplugin" 83
"../../../Engine/Plugins/Runtime/AndroidBackgroundService/AndroidBackgroundService.uplugin" 84
"../../../Engine/Plugins/Online/OnlineSubsystemUtils/OnlineSubsystemUtils.uplugin" 85
"../../../Engine/Plugins/Runtime/AndroidDeviceProfileSelector/AndroidDeviceProfileSelector.uplugin" 86
"../../../Engine/Plugins/Runtime/AndroidMoviePlayer/AndroidMoviePlayer.uplugin" 87
"../../../Engine/Plugins/Developer/TraceDataFiltering/TraceDataFilters.uplugin" 88
"../../../Engine/Plugins/Compositing/OpenColorIO/OpenColorIO.uplugin" 89
"../../../Engine/Plugins/Runtime/AndroidPermission/AndroidPermission.uplugin" 90
"../../../Engine/Plugins/Developer/VisualStudioSourceCodeAccess/VisualStudioSourceCodeAccess.uplugin" 91
"../../../Engine/Plugins/Online/OnlineSubsystemFacebook/OnlineSubsystemFacebook.uplugin" 92
"../../../Engine/Plugins/Developer/XcodeGPUDebuggerPlugin/XcodeGPUDebuggerPlugin.uplugin" 93
"../../../Engine/Plugins/Runtime/ArchVisCharacter/ArchVisCharacter.uplugin" 94
"../../../Engine/Plugins/Tests/AutomationDriverTests/AutomationDriverTests.uplugin" 95
"../../../Engine/Plugins/Tests/CQTest/CQTest.uplugin" 96
"../../../Engine/Plugins/Developer/XCodeSourceCodeAccess/XCodeSourceCodeAccess.uplugin" 97
"../../../Engine/Plugins/Runtime/AudioCapture/AudioCapture.uplugin" 98
"../../../Engine/Plugins/Runtime/AudioSynesthesia/AudioSynesthesia.uplugin" 99
"../../../Engine/Plugins/Runtime/AudioModulation/AudioModulation.uplugin" 100
"../../../Engine/Plugins/Runtime/AppleMoviePlayer/AppleMoviePlayer.uplugin" 101
"../../../Engine/Plugins/Runtime/AppleImageUtils/AppleImageUtils.uplugin" 102
"../../../Engine/Plugins/Runtime/ApexDestruction/ApexDestruction.uplugin" 103
"../../../Engine/Plugins/Runtime/AnimationBudgetAllocator/AnimationBudgetAllocator.uplugin" 104
"../../../Engine/Plugins/Developer/UObjectPlugin/UObjectPlugin.uplugin" 105
"../../../Engine/Plugins/Runtime/AndroidFileServer/AndroidFileServer.uplugin" 106
"../../../Engine/Plugins/Runtime/DataRegistry/DataRegistry.uplugin" 107
"../../../Engine/Plugins/Developer/SubversionSourceControl/SubversionSourceControl.uplugin" 108
"../../../Engine/Plugins/Runtime/GameplayAbilities/GameplayAbilities.uplugin" 109
"../../../Engine/Plugins/Tests/TestSamples/TestSamples.uplugin" 110
"../../../Engine/Plugins/Runtime/GameplayStateTree/GameplayStateTree.uplugin" 111
"../../../Engine/Plugins/Developer/PluginUtils/PluginUtils.uplugin" 112
"../../../Engine/Plugins/Runtime/GeometryProcessing/GeometryProcessing.uplugin" 113
"../../../Engine/Plugins/Runtime/GeoReferencing/GeoReferencing.uplugin" 114
"../../../Engine/Plugins/Developer/PixWinPlugin/PixWinPlugin.uplugin" 115
"../../../Engine/Plugins/Runtime/HairStrands/HairStrands.uplugin" 116
"../../../Engine/Plugins/Tests/InterchangeTests/InterchangeTests.uplugin" 117
"../../../Engine/Plugins/Runtime/AudioMotorSim/AudioMotorSim.uplugin" 118
"../../../Engine/Plugins/Runtime/AudioWidgets/AudioWidgets.uplugin" 119
"../../../Engine/Plugins/Tests/FunctionalTestingEditor/FunctionalTestingEditor.uplugin" 120
"../../../Engine/Plugins/Developer/DumpGPUServices/DumpGPUServices.uplugin" 121
"../../../Engine/Plugins/Developer/CodeLiteSourceCodeAccess/CodeLiteSourceCodeAccess.uplugin" 122
"../../../Engine/Plugins/Runtime/HTTPChunkInstaller/HTTPChunkInstaller.uplugin" 123
"../../../Engine/Plugins/Runtime/IOSReplayKit/IOSReplayKit.uplugin" 124
"../../../Engine/Plugins/Runtime/ChunkDownloader/ChunkDownloader.uplugin" 125
"../../../Engine/Plugins/Runtime/LinuxDeviceProfileSelector/LinuxDeviceProfileSelector.uplugin" 126
"../../../Engine/Plugins/Runtime/CustomMeshComponent/CustomMeshComponent.uplugin" 127
"../../../Engine/Plugins/Runtime/ComputeFramework/ComputeFramework.uplugin" 128
"../../../Engine/Plugins/Animation/RigLogic/RigLogic.uplugin" 129
"../../../Engine/Plugins/Runtime/Firebase/Firebase.uplugin" 130
"../../../Engine/Plugins/Runtime/ExampleDeviceProfileSelector/ExampleDeviceProfileSelector.uplugin" 131
"../../../Engine/Plugins/Runtime/GameplayBehaviorSmartObjects/GameplayBehaviorSmartObjects.uplugin" 132
"../../../Engine/Plugins/Runtime/MeshModelingToolset/MeshModelingToolset.uplugin" 133
"../../../Engine/Plugins/Runtime/MicrosoftSpatialAudio/MicroSoftSpatialSound.uplugin" 134
"../../../Engine/Plugins/Online/OnlineSubsystemApple/OnlineSubsystemApple.uplugin" 135
"../../../Engine/Plugins/Runtime/GeometryCache/GeometryCache.uplugin" 136
"../../../Engine/Plugins/Runtime/MobilePatchingUtils/MobilePatchingUtils.uplugin" 137
"../../../Engine/Plugins/Tests/TestFramework/TestFramework.uplugin" 138
"../../../Engine/Plugins/Runtime/GoogleCloudMessaging/GoogleCloudMessaging.uplugin" 139
"../../../Engine/Plugins/Runtime/MixedRealityCaptureFramework/MixedRealityCaptureFramework.uplugin" 140
"../../../Engine/Plugins/Runtime/MsQuic/MsQuic.uplugin" 141
"../../../Engine/Plugins/Runtime/HDRIBackdrop/HDRIBackdrop.uplugin" 142
"../../../Engine/Plugins/Runtime/NavCorridor/NavCorridor.uplugin" 143
"../../../Engine/Plugins/Runtime/nDisplayModularFeatures/nDisplayModularFeatures.uplugin" 144
"../../../Engine/Plugins/Runtime/IOSDeviceProfileSelector/IOSDeviceProfileSelector.uplugin" 145
"../../../Engine/Plugins/Runtime/AssetTags/AssetTags.uplugin" 146
"../../../Engine/Plugins/Runtime/CableComponent/CableComponent.uplugin" 147
"../../../Engine/Plugins/Runtime/LevelStreamingPersistence/LevelStreamingPersistence.uplugin" 148
"../../../Engine/Plugins/Runtime/OpenCV/OpenCV.uplugin" 149
"../../../Engine/Plugins/Runtime/OpenXREyeTracker/OpenXREyeTracker.uplugin" 150
"../../../Engine/Plugins/Runtime/OpenXRMsftHandInteraction/OpenXRMsftHandInteraction.uplugin" 151
"../../../Engine/Plugins/Runtime/LocationServicesAndroidImpl/LocationServicesAndroidImpl.uplugin" 152
"../../../Engine/Plugins/Runtime/LocationServicesBPLibrary/LocationServicesBPLibrary.uplugin" 153
"../../../Engine/Plugins/Runtime/MassEntity/MassEntity.uplugin" 154
"../../../Engine/Plugins/Runtime/MassGameplay/MassGameplay.uplugin" 155
"../../../Engine/Plugins/Runtime/Metasound/Metasound.uplugin" 156
"../../../Engine/Plugins/Runtime/PreLoadScreenMoviePlayer/PreLoadScreenMoviePlayer.uplugin" 157
"../../../Engine/Plugins/Runtime/GameplayInteractions/GameplayInteractions.uplugin" 158
"../../../Engine/Plugins/Runtime/MIDIDevice/MIDIDevice.uplugin" 159
"../../../Engine/Plugins/Runtime/RenderTrace/RenderTrace.uplugin" 160
"../../../Engine/Plugins/Runtime/ReplicationGraph/ReplicationGraph.uplugin" 161
"../../../Engine/Plugins/Runtime/GooglePAD/GooglePAD.uplugin" 162
"../../../Engine/Plugins/Tests/PythonAutomationTest/PythonAutomationTest.uplugin" 163
"../../../Engine/Plugins/Runtime/ModelViewViewModel/ModelViewViewModel.uplugin" 164
"../../../Engine/Plugins/Runtime/RigVM/RigVM.uplugin" 165
"../../../Engine/Plugins/Runtime/SignificanceManager/SignificanceManager.uplugin" 166
"../../../Engine/Plugins/Runtime/InputDebugging/InputDebugging.uplugin" 167
"../../../Engine/Plugins/Runtime/NetworkPrediction/NetworkPrediction.uplugin" 168
"../../../Engine/Plugins/Runtime/NetworkPredictionInsights/NetworkPredictionInsights.uplugin" 169
"../../../Engine/Plugins/Runtime/NetworkPredictionExtras/NetworkPredictionExtras.uplugin" 170
"../../../Engine/Plugins/Runtime/OpenXR/OpenXR.uplugin" 171
"../../../Engine/Plugins/Runtime/CommonUI/CommonUI.uplugin" 172
"../../../Engine/Plugins/Runtime/LiveLinkOvernDisplay/LiveLinkOverNDisplay.uplugin" 173
"../../../Engine/Plugins/Runtime/OpenXRHandTracking/OpenXRHandTracking.uplugin" 174
"../../../Engine/Plugins/Runtime/StateTree/StateTree.uplugin" 175
"../../../Engine/Plugins/Runtime/OpenXRViveTracker/OpenXRViveTracker.uplugin" 176
"../../../Engine/Plugins/Runtime/Synthesis/Synthesis.uplugin" 177
"../../../Engine/Plugins/Runtime/OptionalMobileFeaturesBPLibrary/OptionalMobileFeaturesBPLibrary.uplugin" 178
"../../../Engine/Plugins/Runtime/WebBrowserWidget/WebBrowserWidget.uplugin" 179
"../../../Engine/Plugins/Developer/RenderDocPlugin/RenderDocPlugin.uplugin" 180
"../../../Engine/Plugins/Runtime/ProceduralMeshComponent/ProceduralMeshComponent.uplugin" 181
"../../../Engine/Plugins/Runtime/WebMMoviePlayer/WebMMoviePlayer.uplugin" 182
"../../../Engine/Plugins/Runtime/WindowsDeviceProfileSelector/WindowsDeviceProfileSelector.uplugin" 183
"../../../Engine/Plugins/Tests/RuntimeTests/RuntimeTests.uplugin" 184
"../../../Engine/Plugins/Runtime/ZoneGraph/ZoneGraph.uplugin" 185
"../../../Engine/Plugins/Runtime/ReplicationSystemTestPlugin/ReplicationSystemTestPlugin.uplugin" 186
"../../../Engine/Plugins/Slate/SlateInsights/SlateInsights.uplugin" 187
"../../../Engine/Plugins/Slate/SlateScripting/SlateScripting.uplugin" 188
"../../../Engine/Plugins/Runtime/SkeletalMerging/SkeletalMerging.uplugin" 189
"../../../Engine/Plugins/Runtime/SmartObjects/SmartObjects.uplugin" 190
"../../../Engine/Plugins/Runtime/SoundCueTemplates/SoundCueTemplates.uplugin" 191
"../../../Engine/Plugins/Runtime/Soundscape/Soundscape.uplugin" 192
"../../../Engine/Plugins/Runtime/SoundFields/SoundFields.uplugin" 193
"../../../Engine/Plugins/Editor/AssetReferenceRestrictions/AssetReferenceRestrictions.uplugin" 194
"../../../Engine/Plugins/Runtime/SoundUtilities/SoundUtilities.uplugin" 195
"../../../Engine/Plugins/Runtime/Spatialization/Spatialization.uplugin" 196
"../../../Engine/Plugins/Editor/BlueprintHeaderView/BlueprintHeaderView.uplugin" 197
"../../../Engine/Plugins/Runtime/SunPosition/SunPosition.uplugin" 198
"../../../Engine/Plugins/Runtime/WaveTable/WaveTable.uplugin" 199
"../../../Engine/Plugins/Runtime/WarpUtils/WarpUtils.uplugin" 200
"../../../Engine/Plugins/Runtime/OSC/OSC.uplugin" 201
"../../../Engine/Plugins/Editor/DataValidation/DataValidation.uplugin" 202
"../../../Engine/Plugins/Editor/DisplayClusterLaunch/DisplayClusterLaunch.uplugin" 203
"../../../Engine/Plugins/Runtime/PropertyAccess/PropertyAccessEditor.uplugin" 204
"../../../Engine/Plugins/Runtime/MobileFSR/MobileFSR.uplugin" 205
"../../../Engine/Plugins/Editor/EditorPerformanceModule/EditorPerformanceModule.uplugin" 206
"../../../Engine/Plugins/Editor/GuidedTutorials/GuidedTutorials.uplugin" 207
"../../../Engine/Plugins/Editor/GameplayTagsEditor/GameplayTagsEditor.uplugin" 208
"../../../Engine/Plugins/Runtime/ResonanceAudio/ResonanceAudio.uplugin" 209
"../../../Engine/Plugins/Editor/LiveUpdateForSlate/LiveUpdateForSlate.uplugin" 210
"../../../Engine/Plugins/Runtime/nDisplay/nDisplay.uplugin" 211
"../../../Engine/Plugins/Runtime/ZoneGraphAnnotations/ZoneGraphAnnotations.uplugin" 212
"../../../Engine/Plugins/Cameras/CameraShakePreviewer/CameraShakePreviewer.uplugin" 213
"../../../Engine/Plugins/Marketplace/AGRPRO/AGRPRO.uplugin" 214
"../../../Engine/Plugins/Editor/AssetManagerEditor/AssetManagerEditor.uplugin" 215
"../../../Engine/Plugins/Cameras/GameplayCameras/GameplayCameras.uplugin" 216
"../../../Engine/Plugins/Runtime/SoundMod/SoundMod.uplugin" 217
"../../../Engine/Plugins/Editor/AssetSearch/AssetSearch.uplugin" 218
"../../../Engine/Plugins/Editor/AssetRegistryExport/AssetRegistryExport.uplugin" 219
"../../../Engine/Plugins/Editor/PluginBrowser/PluginBrowser.uplugin" 220
"../../../Engine/Plugins/Editor/BlueprintMaterialTextureNodes/BlueprintMaterialTextureNodes.uplugin" 221
"../../../Engine/Plugins/Editor/StylusInput/StylusInput.uplugin" 222
"../../../Engine/Plugins/Editor/CryptoKeys/CryptoKeys.uplugin" 223
"../../../Engine/Plugins/Editor/ConsoleVariablesEditor/ConsoleVariables.uplugin" 224
"../../../Engine/Plugins/Editor/CurveEditorTools/CurveEditorTools.uplugin" 225
"../../../Engine/Plugins/Runtime/WebBrowserNativeProxy/WebBrowserNativeProxy.uplugin" 226
"../../../Engine/Plugins/Enterprise/AxFImporter/AxFImporter.uplugin" 227
"../../../Engine/Plugins/Enterprise/DataprepEditor/DataprepEditor.uplugin" 228
"../../../Engine/Plugins/Enterprise/DatasmithCADImporter/DatasmithCADImporter.uplugin" 229
"../../../Engine/Plugins/Editor/EditorScriptingUtilities/EditorScriptingUtilities.uplugin" 230
"../../../Engine/Plugins/Editor/FacialAnimation/FacialAnimation.uplugin" 231
"../../../Engine/Plugins/Editor/EngineAssetDefinitions/EngineAssetDefinitions.uplugin" 232
"../../../Engine/Plugins/Runtime/WorldConditions/WorldConditions.uplugin" 233
"../../../Engine/Plugins/Enterprise/GLTFExporter/GLTFExporter.uplugin" 234
"../../../Engine/Plugins/Runtime/HPMotionController/HPMotionController.uplugin" 235
"../../../Engine/Plugins/Editor/GeometryMode/GeometryMode.uplugin" 236
"../../../Engine/Plugins/Editor/MacGraphicsSwitching/MacGraphicsSwitching.uplugin" 237
"../../../Engine/Plugins/Editor/MakeCookedEditorAsDLC/MakeCookedEditorAsDLC.uplugin" 238
"../../../Engine/Plugins/Editor/MaterialAnalyzer/MaterialAnalyzer.uplugin" 239
"../../../Engine/Plugins/Editor/ModelingToolsEditorMode/ModelingToolsEditorMode.uplugin" 240
"../../../Engine/Plugins/Editor/MobileLauncherProfileWizard/MobileLauncherProfileWizard.uplugin" 241
"../../../Engine/Plugins/Interchange/Editor/InterchangeEditor.uplugin" 242
"../../../Engine/Plugins/Editor/SequencerAnimTools/SequencerAnimTools.uplugin" 243
"../../../Engine/Plugins/Editor/SpeedTreeImporter/SpeedTreeImporter.uplugin" 244
"../../../Engine/Plugins/Importers/AlembicImporter/AlembicImporter.uplugin" 245
"../../../Engine/Plugins/Editor/ChangelistReview/ChangelistReview.uplugin" 246
"../../../Engine/Plugins/Importers/USDImporter/USDImporter.uplugin" 247
"../../../Engine/Plugins/Importers/USDMultiUser/USDMultiUser.uplugin" 248
"../../../Engine/Plugins/Editor/WorldPartitionHLODUtilities/WorldPartitionHLODUtilities.uplugin" 249
"../../../Engine/Plugins/Runtime/OSCModulationMixing/OSCModulationMixing.uplugin" 250
"../../../Engine/Plugins/VirtualProduction/CameraCalibration/CameraCalibration.uplugin" 251
"../../../Engine/Plugins/Enterprise/DatasmithC4DImporter/DatasmithC4DImporter.uplugin" 252
"../../../Engine/Plugins/Runtime/WindowsMoviePlayer/WindowsMoviePlayer.uplugin" 253
"../../../Engine/Plugins/Enterprise/DatasmithFBXImporter/DatasmithFBXImporter.uplugin" 254
"../../../Engine/Plugins/Enterprise/DatasmithContent/DatasmithContent.uplugin" 255
"../../../Engine/Plugins/Enterprise/DatasmithImporter/DatasmithImporter.uplugin" 256
"../../../Engine/Plugins/Runtime/XRBase/XRBase.uplugin" 257
"../../../Engine/Plugins/Enterprise/LidarPointCloud/LidarPointCloud.uplugin" 258
"../../../Engine/Plugins/Enterprise/VariantManager/VariantManager.uplugin" 259
"../../../Engine/Plugins/Enterprise/MDLImporter/MDLImporter.uplugin" 260
"../../../Engine/Plugins/Web/HttpBlueprint/HttpBlueprint.uplugin" 261
"../../../Engine/Plugins/VirtualProduction/LiveLinkPrestonMDR/LiveLinkPrestonMDR.uplugin" 262
"../../../Engine/Plugins/FX/CascadeToNiagaraConverter/CascadeToNiagaraConverter.uplugin" 263
"../../../Engine/Plugins/FX/ExampleCustomDataInterface/ExampleCustomDataInterface.uplugin" 264
"../../../Engine/Plugins/VirtualProduction/RemoteControl/RemoteControl.uplugin" 265
"../../../Engine/Plugins/FX/NiagaraFluids/NiagaraFluids.uplugin" 266
"../../../Engine/Plugins/FX/NiagaraSimCaching/NiagaraSimCaching.uplugin" 267
"../../../Engine/Plugins/Runtime/LocationServicesIOSImpl/LocationServicesIOSImpl.uplugin" 268
"../../../Engine/Plugins/Interchange/Runtime/Interchange.uplugin" 269
"../../../Engine/Plugins/Importers/AlembicHairImporter/AlembicHairImporter.uplugin" 270
"../../../Engine/Plugins/Editor/WaveformEditor/WaveformEditor.uplugin" 271
"../../../Engine/Plugins/Editor/UVEditor/UVEditor.uplugin" 272
"../../../Engine/Plugins/Editor/EditorDebugTools/EditorDebugTools.uplugin" 273
"../../../Engine/Plugins/VirtualProduction/CameraCalibrationCore/CameraCalibrationCore.uplugin" 274
"../../../Engine/Plugins/VirtualProduction/Takes/Takes.uplugin" 275
"../../../Engine/Plugins/VirtualProduction/DataCharts/DataCharts.uplugin" 276
"../../../Engine/Plugins/VirtualProduction/EpicStageApp/EpicStageApp.uplugin" 277
"../../../Engine/Plugins/VirtualProduction/ICVFX/ICVFX.uplugin" 278
"../../../Engine/Plugins/VirtualProduction/ICVFXTesting/ICVFXTesting.uplugin" 279
"../../../Engine/Plugins/VirtualProduction/LevelSnapshots/LevelSnapshots.uplugin" 280
"../../../Engine/Plugins/VirtualProduction/LiveLinkCamera/LiveLinkCamera.uplugin" 281
"../../../Engine/Plugins/Media/AndroidMedia/AndroidMedia.uplugin" 282
"../../../Engine/Plugins/VirtualProduction/LiveLinkFreeD/LiveLinkFreeD.uplugin" 283
"../../../Engine/Plugins/Media/AndroidCamera/AndroidCamera.uplugin" 284
"../../../Engine/Plugins/Media/AjaMedia/AjaMedia.uplugin" 285
"../../../Engine/Plugins/VirtualProduction/TimedDataMonitor/TimedDataMonitor.uplugin" 286
"../../../Engine/Plugins/VirtualProduction/TextureShare/TextureShare.uplugin" 287
"../../../Engine/Plugins/Media/BinkMedia/BinkMedia.uplugin" 288
"../../../Engine/Plugins/Media/BlackmagicMedia/BlackmagicMedia.uplugin" 289
"../../../Engine/Plugins/Media/ElectraCDM/ElectraCDM.uplugin" 290
"../../../Engine/Plugins/Media/AudioCaptureTimecodeProvider/AudioCaptureTimecodeProvider.uplugin" 291
"../../../Engine/Plugins/Media/ElectraPlayer/ElectraPlayer.uplugin" 292
"../../../Engine/Plugins/Media/ElectraUtil/ElectraUtil.uplugin" 293
"../../../Engine/Plugins/VirtualProduction/RemoteControlProtocolOSC/RemoteControlProtocolOSC.uplugin" 294
"../../../Engine/Plugins/Media/HAPDecoderElectra/HAPDecoderElectra.uplugin" 295
"../../../Engine/Plugins/Media/HardwareEncoders/HardwareEncoders.uplugin" 296
"../../../Engine/Plugins/Media/LinearTimecode/LinearTimecode.uplugin" 297
"../../../Engine/Plugins/FX/Niagara/Niagara.uplugin" 298
"../../../Engine/Plugins/VirtualProduction/LiveLinkVRPN/LiveLinkVRPN.uplugin" 299
"../../../Engine/Plugins/VirtualProduction/MultiUserTakes/MultiUserTakes.uplugin" 300
"../../../Engine/Plugins/Media/AvfMedia/AvfMedia.uplugin" 301
"../../../Engine/Plugins/VirtualProduction/LiveLinkXR/LiveLinkXR.uplugin" 302
"../../../Engine/Plugins/Media/AppleProResDecoderElectra/AppleProResDecoderElectra.uplugin" 303
"../../../Engine/Plugins/Media/MediaPlayerEditor/MediaPlayerEditor.uplugin" 304
"../../../Engine/Plugins/Media/MediaPlate/MediaPlate.uplugin" 305
"../../../Engine/Plugins/VirtualProduction/LiveLinkLens/LiveLinkLens.uplugin" 306
"../../../Engine/Plugins/Media/AppleProResMedia/AppleProResMedia.uplugin" 307
"../../../Engine/Plugins/Media/AvidDNxMedia/AvidDNxMedia.uplugin" 308
"../../../Engine/Plugins/Media/AvidDNxHDDecoderElectra/AvidDNxHDDecoderElectra.uplugin" 309
"../../../Engine/Plugins/VirtualProduction/StageMonitoring/StageMonitoring.uplugin" 310
"../../../Engine/Plugins/Messaging/MessagingDebugger/MessagingDebugger.uplugin" 311
"../../../Engine/Plugins/VirtualProduction/CompositePlane/CompositePlane.uplugin" 312
"../../../Engine/Plugins/Media/ElectraCodecs/ElectraCodecs.uplugin" 313
"../../../Engine/Plugins/Messaging/UdpMessaging/UdpMessaging.uplugin" 314
"../../../Engine/Plugins/VirtualProduction/RemoteControlWebInterface/RemoteControlWebInterface.uplugin" 315
"../../../Engine/Plugins/MovieScene/ActorSequence/ActorSequence.uplugin" 316
"../../../Engine/Plugins/MovieScene/CustomizableSequencerTracks/CustomizableSequencerTracks.uplugin" 317
"../../../Engine/Plugins/Media/HAPMedia/HAPMedia.uplugin" 318
"../../../Engine/Plugins/VirtualProduction/RemoteControlProtocolDMX/RemoteControlProtocolDMX.uplugin" 319
"../../../Engine/Plugins/MovieScene/MovieSceneTextTrack/MovieSceneTextTrack.uplugin" 320
"../../../Engine/Plugins/MovieScene/ReplayTracks/ReplayTracks.uplugin" 321
"../../../Engine/Plugins/Media/MediaFrameworkUtilities/MediaFrameworkUtilities.uplugin" 322
"../../../Engine/Plugins/Media/MediaIOFramework/MediaIOFramework.uplugin" 323
"../../../Engine/Plugins/MovieScene/SequencerScripting/SequencerScripting.uplugin" 324
"../../../Engine/Plugins/Media/MediaMovieStreamer/MediaMovieStreamer.uplugin" 325
"../../../Engine/Plugins/VirtualProduction/LiveLinkMasterLockit/LiveLinkMasterLockit.uplugin" 326
"../../../Engine/Plugins/Experimental/ActorPalette/ActorPalette.uplugin" 327
"../../../Engine/Plugins/Media/MfMedia/MfMedia.uplugin" 328
"../../../Engine/Plugins/Media/OpusDecoderElectra/OpusDecoderElectra.uplugin" 329
"../../../Engine/Plugins/Experimental/AnimToTexture/AnimToTexture.uplugin" 330
"../../../Engine/Plugins/Media/PixelStreaming/PixelStreaming.uplugin" 331
"../../../Engine/Plugins/Experimental/AutomationUtils/AutomationUtils.uplugin" 332
"../../../Engine/Plugins/Media/VPxDecoderElectra/VPxDecoderElectra.uplugin" 333
"../../../Engine/Plugins/Media/WebMMedia/WebMMedia.uplugin" 334
"../../../Engine/Plugins/Media/WmfMedia/WmfMedia.uplugin" 335
"../../../Engine/Plugins/VirtualProduction/Switchboard/Switchboard.uplugin" 336
"../../../Engine/Plugins/Messaging/TcpMessaging/TcpMessaging.uplugin" 337
"../../../Engine/Plugins/Media/ElectraSubtitles/ElectraSubtitles.uplugin" 338
"../../../Engine/Plugins/Experimental/ChaosCloth/ChaosCloth.uplugin" 339
"../../../Engine/Plugins/VirtualProduction/RemoteControlProtocolMIDI/RemoteControlProtocolMIDI.uplugin" 340
"../../../Engine/Plugins/Experimental/ChaosClothAssetEditor/ChaosClothAssetEditor.uplugin" 341
"../../../Engine/Plugins/MovieScene/MoviePipelineMaskRenderPass/MoviePipelineMaskRenderPass.uplugin" 342
"../../../Engine/Plugins/MovieScene/MovieRenderPipeline/MovieRenderPipeline.uplugin" 343
"../../../Engine/Plugins/VirtualProduction/RemoteControlInterception/RemoteControlInterception.uplugin" 344
"../../../Engine/Plugins/Media/ImgMedia/ImgMedia.uplugin" 345
"../../../Engine/Plugins/Experimental/ChaosUserDataPT/ChaosUserDataPT.uplugin" 346
"../../../Engine/Plugins/Experimental/ChaosVD/ChaosVD.uplugin" 347
"../../../Engine/Plugins/Media/MediaCompositing/MediaCompositing.uplugin" 348
"../../../Engine/Plugins/Experimental/ChaosVehiclesPlugin/ChaosVehiclesPlugin.uplugin" 349
"../../../Engine/Plugins/Enterprise/VariantManagerContent/VariantManagerContent.uplugin" 350
"../../../Engine/Plugins/Experimental/AbilitySystemGameFeatureActions/AbilitySystemGameFeatureActions.uplugin" 351
"../../../Engine/Plugins/Experimental/CinematicPrestreaming/CinematicPrestreaming.uplugin" 352
"../../../Engine/Plugins/Media/PixelCapture/PixelCapture.uplugin" 353
"../../../Engine/Plugins/Experimental/AppleVision/AppleVision.uplugin" 354
"../../../Engine/Plugins/Experimental/AssetPlacementEdMode/AssetPlacementEdMode.uplugin" 355
"../../../Engine/Plugins/Media/TimecodeSynchronizer/TimecodeSynchronizer.uplugin" 356
"../../../Engine/Plugins/Experimental/CommonConversation/CommonConversation.uplugin" 357
"../../../Engine/Plugins/Experimental/ControlFlows/ControlFlows.uplugin" 358
"../../../Engine/Plugins/Experimental/BlueprintSnapNodes/BlueprintSnapNodes.uplugin" 359
"../../../Engine/Plugins/Experimental/ChaosCaching/ChaosCaching.uplugin" 360
"../../../Engine/Plugins/Experimental/FieldSystemPlugin/FieldSystemPlugin.uplugin" 361
"../../../Engine/Plugins/VirtualProduction/SequencerPlaylists/SequencerPlaylists.uplugin" 362
"../../../Engine/Plugins/Experimental/ChaosClothEditor/ChaosClothEditor.uplugin" 363
"../../../Engine/Plugins/MovieScene/LevelSequenceEditor/LevelSequenceEditor.uplugin" 364
"../../../Engine/Plugins/Experimental/FullBodyIK/FullBodyIK.uplugin" 365
"../../../Engine/Plugins/Experimental/ChaosFlesh/ChaosFlesh.uplugin" 366
"../../../Engine/Plugins/Experimental/GameplayBehaviors/GameplayBehaviors.uplugin" 367
"../../../Engine/Plugins/Experimental/Gauntlet/Gauntlet.uplugin" 368
"../../../Engine/Plugins/MovieScene/TemplateSequence/TemplateSequence.uplugin" 369
"../../../Engine/Plugins/NetcodeUnitTest/NetcodeUnitTest/NetcodeUnitTest.uplugin" 370
"../../../Engine/Plugins/Experimental/GeometryCollectionPlugin/GeometryCollectionPlugin.uplugin" 371
"../../../Engine/Plugins/Experimental/GeometryCacheAbcFile/GeometryCacheAbcFile.uplugin" 372
"../../../Engine/Plugins/NetcodeUnitTest/NUTUnrealEngine/NUTUnrealEngine.uplugin" 373
"../../../Engine/Plugins/Experimental/GeometryScripting/GeometryScripting.uplugin" 374
"../../../Engine/Plugins/Experimental/CineCameraSceneCapture/CineCameraSceneCapture.uplugin" 375
"../../../Engine/Plugins/Experimental/GPULightmass/GPULightmass.uplugin" 376
"../../../Engine/Plugins/Experimental/AnimNext/AnimNext.uplugin" 377
"../../../Engine/Plugins/Experimental/CodeView/CodeView.uplugin" 378
"../../../Engine/Plugins/Experimental/ImagePlate/ImagePlate.uplugin" 379
"../../../Engine/Plugins/Experimental/BackChannel/BackChannel.uplugin" 380
"../../../Engine/Plugins/Experimental/BlueprintStats/BlueprintStats.uplugin" 381
"../../../Engine/Plugins/Experimental/DatasmithCloTranslator/DatasmithCloTranslator.uplugin" 382
"../../../Engine/Plugins/Experimental/LiveLinkControlRig/LiveLinkControlRig.uplugin" 383
"../../../Engine/Plugins/Experimental/DefaultInstallBundleManager/DefaultInstallBundleManager.uplugin" 384
"../../../Engine/Plugins/Experimental/ChaosClothAsset/ChaosClothAsset.uplugin" 385
"../../../Engine/Plugins/Experimental/Fracture/Fracture.uplugin" 386
"../../../Engine/Plugins/Experimental/GameFeatures/GameFeatures.uplugin" 387
"../../../Engine/Plugins/Experimental/LocalizableMessage/LocalizableMessage.uplugin" 388
"../../../Engine/Plugins/Experimental/GameplayGraph/GameplayGraph.uplugin" 389
"../../../Engine/Plugins/Experimental/ChaosNiagara/ChaosNiagara.uplugin" 390
"../../../Engine/Plugins/Experimental/ChaosSolverPlugin/ChaosSolverPlugin.uplugin" 391
"../../../Engine/Plugins/Experimental/GameplayTargetingSystem/TargetingSystem.uplugin" 392
"../../../Engine/Plugins/Experimental/CharacterAI/CharacterAI.uplugin" 393
"../../../Engine/Plugins/Experimental/Chooser/Chooser.uplugin" 394
"../../../Engine/Plugins/Experimental/GeometryFlow/GeometryFlow.uplugin" 395
"../../../Engine/Plugins/Experimental/CineCameraRigs/CineCameraRigs.uplugin" 396
"../../../Engine/Plugins/Experimental/NNERuntimeRDG/NNERuntimeRDG.uplugin" 397
"../../../Engine/Plugins/Experimental/GizmoFramework/GizmoFramework.uplugin" 398
"../../../Engine/Plugins/Experimental/CodeEditor/CodeEditor.uplugin" 399
"../../../Engine/Plugins/Experimental/OptiXDenoise/OptiXDenoise.uplugin" 400
"../../../Engine/Plugins/Experimental/ImpostorBaker/ImpostorBaker.uplugin" 401
"../../../Engine/Plugins/Experimental/ColorCorrectRegions/ColorCorrectRegions.uplugin" 402
"../../../Engine/Plugins/Experimental/PhysicsControl/PhysicsControl.uplugin" 403
"../../../Engine/Plugins/Experimental/JWT/JWT.uplugin" 404
"../../../Engine/Plugins/Experimental/LandscapePatch/LandscapePatch.uplugin" 405
"../../../Engine/Plugins/Experimental/Landmass/Landmass.uplugin" 406
"../../../Engine/Plugins/Experimental/Dataflow/Dataflow.uplugin" 407
"../../../Engine/Plugins/Experimental/LearningAgents/LearningAgents.uplugin" 408
"../../../Engine/Plugins/Experimental/LiveLinkFaceImporter/LiveLinkFaceImporter.uplugin" 409
"../../../Engine/Plugins/Experimental/ProxyLODPlugin/ProxyLODPlugin.uplugin" 410
"../../../Engine/Plugins/Experimental/PythonFoundationPackages/PythonFoundationPackages.uplugin" 411
"../../../Engine/Plugins/Experimental/ModularGameplay/ModularGameplay.uplugin" 412
"../../../Engine/Plugins/Experimental/MotorSimOutputMotoSynth/MotorSimOutputMotoSynth.uplugin" 413
"../../../Engine/Plugins/Experimental/MeshModelingToolsetExp/MeshModelingToolsetExp.uplugin" 414
"../../../Engine/Plugins/Experimental/MotoSynth/MotoSynth.uplugin" 415
"../../../Engine/Plugins/Experimental/Mutable/Mutable.uplugin" 416
"../../../Engine/Plugins/Experimental/RawInput/RawInput.uplugin" 417
"../../../Engine/Plugins/Experimental/SampleToolsEditorMode/SampleToolsEditorMode.uplugin" 418
"../../../Engine/Plugins/Experimental/NNERuntimeORTCpu/NNERuntimeORTCpu.uplugin" 419
"../../../Engine/Plugins/Experimental/RenderGrid/RenderGrid.uplugin" 420
"../../../Engine/Plugins/Experimental/ScreenReader/ScreenReader.uplugin" 421
"../../../Engine/Plugins/Experimental/OpenImageDenoise/OpenImageDenoise.uplugin" 422
"../../../Engine/Plugins/Experimental/PanoramicCapture/PanoramicCapture.uplugin" 423
"../../../Engine/Plugins/Experimental/SkeletalReduction/SkeletalReduction.uplugin" 424
"../../../Engine/Plugins/Experimental/PCG/PCG.uplugin" 425
"../../../Engine/Plugins/Experimental/SimpleHMD/SimpleHMD.uplugin" 426
"../../../Engine/Plugins/Experimental/PCGGeometryScriptInterop/PCGGeometryScriptInterop.uplugin" 427
"../../../Engine/Plugins/Experimental/Iris/Iris.uplugin" 428
"../../../Engine/Plugins/Experimental/PixelStreamingPlayer/PixelStreamingPlayer.uplugin" 429
"../../../Engine/Plugins/Experimental/StructUtils/StructUtils.uplugin" 430
"../../../Engine/Plugins/Experimental/StaticMeshEditorModeling/StaticMeshEditorModeling.uplugin" 431
"../../../Engine/Plugins/Experimental/PluginAudit/PluginAudit.uplugin" 432
"../../../Engine/Plugins/Experimental/ToolPresets/ToolPresets.uplugin" 433
"../../../Engine/Plugins/Experimental/PluginTemplateTool/PluginTemplateTool.uplugin" 434
"../../../Engine/Plugins/Experimental/MeshLODToolset/MeshLODToolset.uplugin" 435
"../../../Engine/Plugins/Experimental/ChaosEditor/ChaosEditor.uplugin" 436
"../../../Engine/Plugins/Experimental/PythonScriptPlugin/PythonScriptPlugin.uplugin" 437
"../../../Engine/Plugins/Experimental/VirtualCameraCore/VirtualCameraCore.uplugin" 438
"../../../Engine/Plugins/Experimental/NNE/NNE.uplugin" 439
"../../../Engine/Plugins/Experimental/NaniteDisplacedMesh/NaniteDisplacedMesh.uplugin" 440
"../../../Engine/Plugins/Experimental/NNERuntimeORTGpu/NNERuntimeORTGpu.uplugin" 441
"../../../Engine/Plugins/Experimental/Volumetrics/Volumetrics.uplugin" 442
"../../../Engine/Plugins/Experimental/GizmoEdMode/GizmoEdMode.uplugin" 443
"../../../Engine/Plugins/Experimental/Water/Water.uplugin" 444
"../../../Engine/Plugins/Experimental/ScriptableToolsFramework/ScriptableToolsFramework.uplugin" 445
"../../../Engine/Plugins/Experimental/Shotgrid/Shotgrid.uplugin" 446
"../../../Engine/Plugins/Experimental/HairModelingToolset/HairModelingToolset.uplugin" 447
"../../../Engine/Plugins/Experimental/WidgetEditorToolPalette/WidgetEditorToolPalette.uplugin" 448
"../../../Engine/Plugins/Experimental/WebSocketNetworking/WebSocketNetworking.uplugin" 449
"../../../Engine/Plugins/Experimental/Text3D/Text3D.uplugin" 450
"../../../Engine/Plugins/Experimental/PlanarCutPlugin/PlanarCut.uplugin" 451
"../../../Engine/Plugins/VirtualProduction/DMX/DMXPixelMapping/DMXPixelMapping.uplugin" 452
"../../../Engine/Plugins/Online/VoiceChat/VoiceChat/VoiceChat.uplugin" 453
"../../../Engine/Plugins/Online/VoiceChat/EOSVoiceChat/EOSVoiceChat.uplugin" 454
"../../../Engine/Plugins/Experimental/TextureMediaPlayer/TextureMediaPlayer.uplugin" 455
"../../../Engine/Plugins/Runtime/Analytics/AnalyticsBlueprintLibrary/AnalyticsBlueprintLibrary.uplugin" 456
"../../../Engine/Plugins/VirtualProduction/DMX/DMXModularFeatures/DMXModularFeatures.uplugin" 457
"../../../Engine/Plugins/Experimental/UserToolBoxBasicCommand/UserToolBoxBasicCommand.uplugin" 458
"../../../Engine/Plugins/Runtime/Analytics/FileLogging/FileLogging.uplugin" 459
"../../../Engine/Plugins/Experimental/VirtualCamera/VirtualCamera.uplugin" 460
"../../../Engine/Plugins/Runtime/Steam/SteamSockets/SteamSockets.uplugin" 461
"../../../Engine/Plugins/Experimental/QuicMessaging/QuicMessaging.uplugin" 462
"../../../Engine/Plugins/Experimental/VirtualHeightfieldMesh/VirtualHeightfieldMesh.uplugin" 463
"../../../Engine/Plugins/Runtime/Oculus/OculusAudio/OculusAudio.uplugin" 464
"../../../Engine/Plugins/Experimental/VirtualProductionUtilities/VirtualProductionUtilities.uplugin" 465
"../../../Engine/Plugins/VirtualProduction/DMX/DMXControlConsole/DMXControlConsole.uplugin" 466
"../../../Engine/Plugins/Experimental/ScriptableToolsEditorMode/ScriptableToolsEditorMode.uplugin" 467
"../../../Engine/Plugins/Experimental/WaveFunctionCollapse/WaveFunctionCollapse.uplugin" 468
"../../../Engine/Plugins/Runtime/AR/ARUtilities/ARUtilities.uplugin" 469
"../../../Engine/Plugins/VirtualProduction/DMX/DMXFixtures/DMXFixtures.uplugin" 470
"../../../Engine/Plugins/Experimental/SlateScreenReader/SlateScreenReader.uplugin" 471
"../../../Engine/Plugins/Experimental/XRCreativeFramework/XRCreativeFramework.uplugin" 472
"../../../Engine/Plugins/Runtime/Analytics/Adjust/Adjust.uplugin" 473
"../../../Engine/Plugins/Runtime/Analytics/AnalyticsMulticast/AnalyticsMulticast.uplugin" 474
"../../../Engine/Plugins/Experimental/PlatformCrypto/PlatformCrypto.uplugin" 475
"../../../Engine/Plugins/VirtualProduction/DMX/DMXProtocol/DMXProtocol.uplugin" 476
"../../../Engine/Plugins/Experimental/TetMeshing/TetMeshing.uplugin" 477
"../../../Engine/Plugins/Experimental/TextToSpeech/TextToSpeech.uplugin" 478
"../../../Engine/Plugins/Experimental/PluginReferenceViewer/PluginReferenceViewer.uplugin" 479
"../../../Engine/Plugins/Runtime/XR/XRVisualization/XRVisualization.uplugin" 480
"../../../Engine/Plugins/Experimental/TypedElementsDataStorage/TypedElementsDataStorage.uplugin" 481
"../../../Engine/Plugins/Runtime/Steam/SteamShared/SteamShared.uplugin" 482
"../../../Engine/Plugins/Experimental/UIFramework/UIFramework.uplugin" 483
"../../../Engine/Plugins/Experimental/UserToolBoxCore/UserToolBoxCore.uplugin" 484
"../../../Engine/Plugins/Runtime/AR/AzureSpatialAnchors/AzureSpatialAnchors.uplugin" 485
"../../../Engine/Plugins/Experimental/VirtualScouting/VirtualScouting.uplugin" 486
"../../../Engine/Plugins/Experimental/VirtualProduction/VPSettings/VPSettings.uplugin" 487
"../../../Engine/Plugins/Runtime/Steam/SteamAudio/SteamAudio.uplugin" 488
"../../../Engine/Plugins/Runtime/Steam/SteamController/SteamController.uplugin" 489
"../../../Engine/Plugins/VirtualProduction/Rivermax/RivermaxCore/RivermaxCore.uplugin" 490
"../../../Engine/Plugins/VirtualProduction/DMX/DMXEngine/DMXEngine.uplugin" 491
"../../../Engine/Plugins/Experimental/WaterExtras/WaterExtras.uplugin" 492
"../../../Engine/Plugins/Experimental/Enterprise/DataprepGeometryOperations/DataprepGeometryOperations.uplugin" 493
"../../../Engine/Plugins/VirtualProduction/DMX/DMXDisplayCluster/DMXDisplayCluster.uplugin" 494
"../../../Engine/Plugins/Experimental/PCGExternalDataInterop/PCGExternalDataInterop.uplugin" 495
"../../../Engine/Plugins/Runtime/Analytics/Flurry/Flurry.uplugin" 496
"../../../Engine/Plugins/Experimental/Web/WebAPI/WebAPI.uplugin" 497
"../../../Engine/Plugins/VirtualProduction/Rivermax/RivermaxMedia/RivermaxMedia.uplugin" 498
"../../../Engine/Plugins/Runtime/AR/AzureSpatialAnchorsForARCore/AzureSpatialAnchorsForARCore.uplugin" 499
"../../../Engine/Plugins/Experimental/AVCodecs/WMFCodecs/WMFCodecs.uplugin" 500
"../../../Engine/Plugins/Editor/Localization/PortableObjectFileDataSource/PortableObjectFileDataSource.uplugin" 501
"../../../Engine/Plugins/Experimental/VirtualProduction/LedWallCalibration/LedWallCalibration.uplugin" 502
"../../../Engine/Plugins/Experimental/RemoteSession/RemoteSession.uplugin" 503
"../../../Engine/Plugins/Experimental/VirtualProduction/VPRoles/VPRoles.uplugin" 504
"../../../Engine/Plugins/Online/IOS/OnlineSubsystemIOS/OnlineSubsystemIOS.uplugin" 505
"../../../Engine/Plugins/Runtime/Advertising/IOSTapJoy/IOSTapJoy.uplugin" 506
"../../../Engine/Plugins/Online/Android/OnlineSubsystemGooglePlay/OnlineSubsystemGooglePlay.uplugin" 507
"../../../Engine/Plugins/Editor/ContentBrowser/ContentBrowserClassDataSource/ContentBrowserClassDataSource.uplugin" 508
"../../../Engine/Plugins/Editor/ContentBrowser/ContentBrowserFileDataSource/ContentBrowserFileDataSource.uplugin" 509
"../../../Engine/Plugins/Editor/ObjectMixer/LightMixer/LightMixer.uplugin" 510
"../../../Engine/Plugins/Animation/MLDeformer/NeuralMorphModel/NeuralMorphModel.uplugin" 511
"../../../Engine/Plugins/Runtime/PacketHandlers/AESGCMHandlerComponent/AESGCMHandlerComponent.uplugin" 512
"../../../Engine/Plugins/Animation/MLDeformer/VertexDeltaModel/VertexDeltaModel.uplugin" 513
"../../../Engine/Plugins/Animation/MLDeformer/NearestNeighborModel/NearestNeighborModel.uplugin" 514
"../../../Engine/Plugins/Animation/MLDeformer/MLDeformerFramework/MLDeformerFramework.uplugin" 515
"../../../Engine/Plugins/Experimental/Enterprise/DatasmithRuntime/DatasmithRuntime.uplugin" 516
"../../../Engine/Plugins/Animation/MLDeformer/ChaosClothGenerator/ChaosClothGenerator.uplugin" 517
"../../../Engine/Plugins/Experimental/Enterprise/DatasmithInterchange/DatasmithInterchange.uplugin" 518
"../../../Engine/Plugins/Experimental/Animation/Optimus/Optimus.uplugin" 519
"../../../Engine/Plugins/Runtime/Nvidia/GeForceNOWWrapper/GeForceNOWWrapper.uplugin" 520
"../../../Engine/Plugins/Experimental/Animation/SkeletalMeshModelingTools/SkeletalMeshModelingTools.uplugin" 521
"../../../Engine/Plugins/Runtime/Nvidia/Reflex/Reflex.uplugin" 522
"../../../Engine/Plugins/Experimental/CharacterFXEditor/BaseCharacterFXEditor/BaseCharacterFXEditor.uplugin" 523
"../../../Engine/Plugins/Experimental/CharacterFXEditor/ExampleCharacterFXEditor/ExampleCharacterFXEditor.uplugin" 524
"../../../Engine/Plugins/Developer/Concert/ConcertMain/ConcertMain.uplugin" 525
"../../../Engine/Plugins/Runtime/Database/SQLiteCore/SQLiteCore.uplugin" 526
"../../../Engine/Plugins/Experimental/AVCodecs/AMFCodecs/AMFCodecs.uplugin" 527
"../../../Engine/Plugins/Developer/Concert/ConcertUI/ConcertSharedSlate/ConcertSharedSlate.uplugin" 528
"../../../Engine/Plugins/Editor/ContentBrowser/ContentBrowserAliasDataSoure/ContentBrowserAliasDataSource.uplugin" 529
"../../../Engine/Plugins/Online/Android/AndroidFetchBackgroundDownload/AndroidFetchBackgroundDownload.uplugin" 530
"../../../Engine/Plugins/Runtime/XR/XRScribe/XRScribe.uplugin" 531
"../../../Engine/Plugins/Editor/ContentBrowser/ContentBrowserAssetDataSource/ContentBrowserAssetDataSource.uplugin" 532
"../../../Engine/Plugins/VirtualProduction/DMX/DatasmithMVR/DatasmithMVR.uplugin" 533
"../../../Engine/Plugins/Developer/Concert/ConcertSync/ConcertSyncClient/ConcertSyncClient.uplugin" 534
"../../../Engine/Plugins/Editor/ObjectMixer/ObjectMixer/ObjectMixer.uplugin" 535
"../../../Engine/Plugins/Runtime/PacketHandlers/AESHandlerComponent/AESHandlerComponent.uplugin" 536
"../../../Engine/Plugins/Runtime/Windows/WinDualShock/WinDualShock.uplugin" 537
"../../../Engine/Plugins/Runtime/PacketHandlers/DTLSHandlerComponent/DTLSHandlerComponent.uplugin" 538
"../../../Engine/Plugins/Experimental/Animation/MotionTrajectory/MotionTrajectory.uplugin" 539
"../../../Engine/Plugins/Developer/Concert/ConcertApp/DisasterRecoveryClient/DisasterRecoveryClient.uplugin" 540
"../../../Engine/Plugins/Experimental/Animation/CurveExpression/CurveExpression.uplugin" 541
"../../../Engine/Plugins/Runtime/AR/AzureSpatialAnchorsForARKit/AzureSpatialAnchorsForARKit.uplugin" 542
"../../../Engine/Plugins/Experimental/Animation/PoseSearch/PoseSearch.uplugin" 543
"../../../Engine/Plugins/VirtualProduction/Rivermax/RivermaxSync/RivermaxSync.uplugin" 544
"../../../Engine/Plugins/Runtime/Database/DatabaseSupport/DatabaseSupport.uplugin" 545
"../../../Engine/Plugins/Runtime/Database/ADOSupport/ADOSupport.uplugin" 546
"../../../Engine/Plugins/Runtime/Database/RemoteDatabaseSupport/RemoteDatabaseSupport.uplugin" 547
"../../../Engine/Plugins/Experimental/AVCodecs/AVCodecsCore/AVCodecsCore.uplugin" 548
"../../../Engine/Plugins/Runtime/Database/SQLiteSupport/SQLiteSupport.uplugin" 549
"../../../Engine/Plugins/Experimental/AR/PointCloud/PointCloud.uplugin" 550
"../../../Engine/Plugins/Developer/Concert/ConcertApp/MultiUserClient/MultiUserClient.uplugin" 551
"../../../Engine/Plugins/Experimental/AVCodecs/NVCodecs/NVCodecs.uplugin" 552
"../../../Engine/Plugins/Developer/Concert/ConcertUI/ConcertClientSharedSlate/ConcertClientSharedSlate.uplugin" 553
"../../../Engine/Plugins/Developer/Concert/ConcertApp/MultiUserServer/MultiUserServer.uplugin" 554
"../../../Engine/Plugins/Runtime/AR/AppleAR/AppleARKit/AppleARKit.uplugin" 555
"../../../Engine/Plugins/Runtime/MeshReconstruction/DummyMeshReconstructor/DummyMeshReconstructor.uplugin" 556
"../../../Engine/Plugins/Runtime/AR/AppleAR/AppleARKitFaceSupport/AppleARKitFaceSupport.uplugin" 557
"../../../Engine/Plugins/Runtime/AR/Google/GoogleARCoreServices/GoogleARCoreServices.uplugin" 558
"../../../Engine/Plugins/Developer/Concert/ConcertSync/ConcertSyncCore/ConcertSyncCore.uplugin" 559
"../../../Engine/Plugins/Developer/Concert/ConcertSync/ConcertSyncTest/ConcertSyncTest.uplugin" 560
"../../../Engine/Plugins/Developer/Concert/ConcertSync/ConcertSyncServer/ConcertSyncServer.uplugin" 561
"../../../Engine/Plugins/Experimental/Animation/ContextualAnimation/ContextualAnimation.uplugin" 562
"../../../Engine/Plugins/Runtime/AR/Google/GoogleARCore/GoogleARCore.uplugin" 563
"../../../Engine/Content/Internationalization/icudt64l/cnvalias.icu" 564
"../../../Engine/Content/Internationalization/icudt64l/res_index.res" 565
"../../../Engine/Content/Internationalization/icudt64l/plurals.res" 566
"../../../Engine/Content/Internationalization/icudt64l/lang/ko.res" 567
"../../../Engine/Content/Internationalization/icudt64l/lang/pool.res" 568
"../../../Engine/Content/Internationalization/icudt64l/lang/root.res" 569
"../../../Engine/Content/Internationalization/icudt64l/region/ko.res" 570
"../../../Engine/Content/Internationalization/icudt64l/region/pool.res" 571
"../../../Engine/Content/Internationalization/icudt64l/region/root.res" 572
"../../../Engine/Content/Internationalization/icudt64l/lang/en.res" 573
"../../../Engine/Content/Internationalization/icudt64l/region/en.res" 574
"../../../Engine/Content/Internationalization/icudt64l/windowsZones.res" 575
"../../../Engine/Content/Internationalization/icudt64l/zoneinfo64.res" 576
"../../../Engine/Content/Internationalization/icudt64l/keyTypeData.res" 577
"../../../Engine/Content/Internationalization/icudt64l/timezoneTypes.res" 578
"../../../Engine/Content/Internationalization/icudt64l/likelySubtags.res" 579
"../../../Engine/Content/Internationalization/icudt64l/ko_KR.res" 580
"../../../Engine/Content/Internationalization/icudt64l/pool.res" 581
"../../../Engine/Content/Internationalization/icudt64l/ko.res" 582
"../../../Engine/Content/Internationalization/icudt64l/root.res" 583
"../../../Engine/Content/Internationalization/icudt64l/supplementalData.res" 584
"../../../Engine/Config/ConfigRedirects.ini" 585
"C:/Users/???/AppData/Local/UnrealEngine/5.3/Saved/Config/WindowsEditor/Manifest.ini" 586
"../../../Engine/Config/Base.ini" 587
"../../../Engine/Config/BaseEngine.ini" 588
"../../../Engine/Config/Windows/BaseWindowsEngine.ini" 589
"../../../../../../Unreal_Study/UE5/UE_Project/MyProject/Config/DefaultEngine.ini" 590
"../../../Engine/Config/Windows/WindowsEngine.ini" 591
"C:/Unreal_Study/UE5/UE_Project/MyProject/Saved/Config/WindowsEditor/Engine.ini" 592
"../../../Engine/Config/BaseGame.ini" 593
"../../../../../../Unreal_Study/UE5/UE_Project/MyProject/Config/DefaultGame.ini" 594
"../../../Engine/Config/Windows/WindowsGame.ini" 595
"../../../Engine/Config/BaseInput.ini" 596
"../../../../../../Unreal_Study/UE5/UE_Project/MyProject/Config/DefaultInput.ini" 597
"../../../Engine/Config/Windows/WindowsInput.ini" 598
"../../../Engine/Config/BaseDeviceProfiles.ini" 599
"../../../Engine/Config/BaseGameUserSettings.ini" 600
"C:/Unreal_Study/UE5/UE_Project/MyProject/Saved/Config/WindowsEditor/GameUserSettings.ini" 601
"../../../Engine/Config/BaseScalability.ini" 602
"../../../Engine/Config/BaseRuntimeOptions.ini" 603
"../../../Engine/Config/BaseInstallBundle.ini" 604
"../../../Engine/Config/BaseHardware.ini" 605
"../../../Engine/Config/BaseCompat.ini" 606
"../../../Engine/Config/BaseLightmass.ini" 607
"../../../Engine/Config/BaseEditor.ini" 608
"../../../../../../Unreal_Study/UE5/UE_Project/MyProject/Config/DefaultEditor.ini" 609
"../../../Engine/Config/BaseEditorPerProjectUserSettings.ini" 610
"../../../Engine/Config/Windows/WindowsEditorPerProjectUserSettings.ini" 611
"C:/Unreal_Study/UE5/UE_Project/MyProject/Saved/Config/WindowsEditor/EditorPerProjectUserSettings.ini" 612
"../../../Engine/Config/BaseEditorSettings.ini" 613
"C:/Users/???/AppData/Local/UnrealEngine/5.3/Saved/Config/WindowsEditor/EditorSettings.ini" 614
"../../../Engine/Config/BaseEditorKeyBindings.ini" 615
"C:/Users/???/AppData/Local/UnrealEngine/5.3/Saved/Config/WindowsEditor/EditorKeyBindings.ini" 616
"C:/Users/???/AppData/Local/UnrealEngine/5.3/Saved/Config/WindowsEditor/EditorLayout.ini" 617
"../../../Engine/Config/Android/BaseAndroidEngine.ini" 618
"../../../Engine/Config/Mac/BaseMacEngine.ini" 619
"../../../Engine/Config/IOS/BaseIOSEngine.ini" 620
"../../../Engine/Config/Linux/BaseLinuxEngine.ini" 621
"../../../Engine/Config/LinuxArm64/BaseLinuxArm64Engine.ini" 622
"../../../Engine/Config/Android/AndroidEngine.ini" 623
"../../../Engine/Config/Mac/MacEngine.ini" 624
"../../../Engine/Config/Unix/UnixEngine.ini" 625
"../../../Engine/Config/IOS/IOSEngine.ini" 626
"../../../Engine/Config/TVOS/TVOSEngine.ini" 627
"../../../Engine/Config/LinuxArm64/LinuxArm64Engine.ini" 628
"../../../Engine/Config/Linux/LinuxEngine.ini" 629
"../../../../../../Unreal_Study/UE5/UE_Project/MyProject/Binaries/Win64/MyProjectEditor-Win64-DebugGame.target" 630
"../../../Engine/Config/Android/BaseAndroidGame.ini" 631
"../../../Engine/Config/IOS/BaseIOSGame.ini" 632
"../../../Engine/Config/Mac/MacGame.ini" 633
"../../../Engine/Config/IOS/IOSGame.ini" 634
"../../../Engine/Config/Linux/LinuxGame.ini" 635
"../../../Engine/Config/Android/AndroidScalability.ini" 636
"../../../Engine/Config/IOS/IOSScalability.ini" 637
"../../../Engine/Config/Android/BaseAndroidInstallBundle.ini" 638
"../../../Engine/Plugins/EnhancedInput/Config/BaseEnhancedInput.ini" 639
"../../../Engine/Plugins/EnhancedInput/Config/Input.ini" 640
"../../../Engine/Plugins/Bridge/Config/BaseBridge.ini" 641
"../../../Engine/Plugins/TraceUtilities/Config/BaseTraceUtilities.ini" 642
"../../../Engine/Plugins/2D/Paper2D/Config/BasePaper2D.ini" 643
"../../../Engine/Plugins/Animation/ControlRig/Config/BaseControlRig.ini" 644
"../../../Engine/Plugins/Animation/IKRig/Config/BaseIKRig.ini" 645
"../../../Engine/Plugins/Developer/TraceDataFiltering/Config/BaseTraceDataFilters.ini" 646
"../../../Engine/Plugins/Runtime/InputDebugging/Config/Input.ini" 647
"../../../Engine/Plugins/Runtime/Metasound/Config/BaseMetasound.ini" 648
"../../../Engine/Plugins/Runtime/Synthesis/Config/BaseSynthesis.ini" 649
"../../../Engine/Plugins/Marketplace/AGRPRO/Config/BaseAGRPRO.ini" 650
"../../../Engine/Plugins/Marketplace/AGRPRO/Config/DefaultAGRPRO.ini" 651
"../../../Engine/Plugins/Editor/EditorScriptingUtilities/Config/BaseEditorScriptingUtilities.ini" 652
"../../../Engine/Plugins/Enterprise/DatasmithContent/Config/BaseDatasmithContent.ini" 653
"../../../Engine/Plugins/Enterprise/GLTFExporter/Config/BaseGLTFExporter.ini" 654
"../../../Engine/Plugins/Enterprise/GLTFExporter/Config/DefaultGLTFExporter.ini" 655
"../../../Engine/Plugins/Enterprise/VariantManagerContent/Config/BaseVariantManagerContent.ini" 656
"../../../Engine/Plugins/FX/Niagara/Config/BaseNiagara.ini" 657
"../../../Engine/Plugins/FX/NiagaraFluids/Config/BaseNiagaraFluids.ini" 658
"../../../Engine/Plugins/Interchange/Runtime/Config/BaseInterchange.ini" 659
"../../../Engine/Plugins/Experimental/FullBodyIK/Config/BaseFullBodyIK.ini" 660
"../../../Engine/Plugins/Experimental/StructUtils/Config/BaseStructUtils.ini" 661
"../../../Engine/Plugins/Experimental/ToolPresets/Config/BaseToolPresets.ini" 662
"../../../Engine/Plugins/Editor/ModelingToolsEditorMode/Binaries/Win64/UnrealEditor.modules" 663
"../../../Engine/Plugins/Runtime/MeshModelingToolset/Binaries/Win64/UnrealEditor.modules" 664
"../../../Engine/Plugins/Experimental/MeshModelingToolsetExp/Binaries/Win64/UnrealEditor.modules" 665
"../../../Engine/Plugins/Experimental/MeshLODToolset/Binaries/Win64/UnrealEditor.modules" 666
"../../../Engine/Plugins/Experimental/ToolPresets/Binaries/Win64/UnrealEditor.modules" 667
"../../../Engine/Plugins/Runtime/GeometryProcessing/Binaries/Win64/UnrealEditor.modules" 668
"../../../Engine/Plugins/Experimental/ProxyLODPlugin/Binaries/Win64/UnrealEditor.modules" 669
"../../../Engine/Plugins/Experimental/GeometryFlow/Binaries/Win64/UnrealEditor.modules" 670
"../../../Engine/Plugins/Editor/EditorScriptingUtilities/Binaries/Win64/UnrealEditor.modules" 671
"../../../Engine/Plugins/FX/CascadeToNiagaraConverter/Binaries/Win64/UnrealEditor.modules" 672
"../../../Engine/Plugins/FX/Niagara/Binaries/Win64/UnrealEditor.modules" 673
"../../../Engine/Plugins/Experimental/PythonScriptPlugin/Binaries/Win64/UnrealEditor.modules" 674
"../../../Engine/Plugins/Editor/ContentBrowser/ContentBrowserFileDataSource/Binaries/Win64/UnrealEditor.modules" 675
"../../../Engine/Plugins/FX/NiagaraFluids/Binaries/Win64/UnrealEditor.modules" 676
"../../../Engine/Plugins/Marketplace/AGRPRO/Binaries/Win64/UnrealEditor.modules" 677
"../../../Engine/Plugins/EnhancedInput/Binaries/Win64/UnrealEditor.modules" 678
"../../../Engine/Plugins/Bridge/Binaries/Win64/UnrealEditor.modules" 679
"../../../Engine/Plugins/FastBuildController/Binaries/Win64/UnrealEditor.modules" 680
"../../../Engine/Plugins/MeshPainting/Binaries/Win64/UnrealEditor.modules" 681
"../../../Engine/Plugins/Interchange/Editor/Binaries/Win64/UnrealEditor.modules" 682
"../../../Engine/Plugins/Interchange/Runtime/Binaries/Win64/UnrealEditor.modules" 683
"../../../Engine/Plugins/Enterprise/VariantManagerContent/Binaries/Win64/UnrealEditor.modules" 684
"../../../Engine/Plugins/Enterprise/VariantManager/Binaries/Win64/UnrealEditor.modules" 685
"../../../Engine/Plugins/TraceUtilities/Binaries/Win64/UnrealEditor.modules" 686
"../../../Engine/Plugins/XGEController/Binaries/Win64/UnrealEditor.modules" 687
"../../../Engine/Plugins/AI/AISupport/Binaries/Win64/UnrealEditor.modules" 688
"../../../Engine/Plugins/Portal/LauncherChunkInstaller/Binaries/Win64/UnrealEditor.modules" 689
"../../../Engine/Plugins/2D/Paper2D/Binaries/Win64/UnrealEditor.modules" 690
"../../../Engine/Plugins/Compression/OodleNetwork/Binaries/Win64/UnrealEditor.modules" 691
"../../../Engine/Plugins/Online/OnlineBase/Binaries/Win64/UnrealEditor.modules" 692
"../../../Engine/Plugins/AI/EnvironmentQueryEditor/Binaries/Win64/UnrealEditor.modules" 693
"../../../Engine/Plugins/Online/OnlineSubsystem/Binaries/Win64/UnrealEditor.modules" 694
"../../../Engine/Plugins/Online/OnlineSubsystemNull/Binaries/Win64/UnrealEditor.modules" 695
"../../../Engine/Plugins/Online/OnlineSubsystemUtils/Binaries/Win64/UnrealEditor.modules" 696
"../../../Engine/Plugins/Online/OnlineServices/Binaries/Win64/UnrealEditor.modules" 697
"../../../Engine/Plugins/Animation/ACLPlugin/Binaries/Win64/UnrealEditor.modules" 698
"../../../Engine/Plugins/Animation/AnimationData/Binaries/Win64/UnrealEditor.modules" 699
"../../../Engine/Plugins/Animation/ControlRig/Binaries/Win64/UnrealEditor.modules" 700
"../../../Engine/Plugins/Runtime/RigVM/Binaries/Win64/UnrealEditor.modules" 701
"../../../Engine/Plugins/MovieScene/LevelSequenceEditor/Binaries/Win64/UnrealEditor.modules" 702
"../../../Engine/Plugins/Runtime/PropertyAccess/Binaries/Win64/UnrealEditor.modules" 703
"../../../Engine/Plugins/MovieScene/SequencerScripting/Binaries/Win64/UnrealEditor.modules" 704
"../../../Engine/Plugins/Animation/AnimationModifierLibrary/Binaries/Win64/UnrealEditor.modules" 705
"../../../Engine/Plugins/Animation/BlendSpaceMotionAnalysis/Binaries/Win64/UnrealEditor.modules" 706
"../../../Engine/Plugins/Animation/ControlRigSpline/Binaries/Win64/UnrealEditor.modules" 707
"../../../Engine/Plugins/Animation/IKRig/Binaries/Win64/UnrealEditor.modules" 708
"../../../Engine/Plugins/Experimental/FullBodyIK/Binaries/Win64/UnrealEditor.modules" 709
"../../../Engine/Plugins/Developer/AnimationSharing/Binaries/Win64/UnrealEditor.modules" 710
"../../../Engine/Plugins/Runtime/SignificanceManager/Binaries/Win64/UnrealEditor.modules" 711
"../../../Engine/Plugins/Developer/CLionSourceCodeAccess/Binaries/Win64/UnrealEditor.modules" 712
"../../../Engine/Plugins/Developer/DumpGPUServices/Binaries/Win64/UnrealEditor.modules" 713
"../../../Engine/Plugins/Developer/GitSourceControl/Binaries/Win64/UnrealEditor.modules" 714
"../../../Engine/Plugins/Developer/N10XSourceCodeAccess/Binaries/Win64/UnrealEditor.modules" 715
"../../../Engine/Plugins/Developer/PerforceSourceControl/Binaries/Win64/UnrealEditor.modules" 716
"../../../Engine/Plugins/Developer/PixWinPlugin/Binaries/Win64/UnrealEditor.modules" 717
"../../../Engine/Plugins/Developer/PlasticSourceControl/Binaries/Win64/UnrealEditor.modules" 718
"../../../Engine/Plugins/Developer/PluginUtils/Binaries/Win64/UnrealEditor.modules" 719
"../../../Engine/Plugins/Developer/PropertyAccessNode/Binaries/Win64/UnrealEditor.modules" 720
"../../../Engine/Plugins/Developer/RenderDocPlugin/Binaries/Win64/UnrealEditor.modules" 721
"../../../Engine/Plugins/Developer/RiderSourceCodeAccess/Binaries/Win64/UnrealEditor.modules" 722
"../../../Engine/Plugins/Developer/SubversionSourceControl/Binaries/Win64/UnrealEditor.modules" 723
"../../../Engine/Plugins/Developer/TextureFormatOodle/Binaries/Win64/UnrealEditor.modules" 724
"../../../Engine/Plugins/Developer/TraceDataFiltering/Binaries/Win64/UnrealEditor.modules" 725
"../../../Engine/Plugins/Developer/UObjectPlugin/Binaries/Win64/UnrealEditor.modules" 726
"../../../Engine/Plugins/Developer/VisualStudioCodeSourceCodeAccess/Binaries/Win64/UnrealEditor.modules" 727
"../../../Engine/Plugins/Developer/VisualStudioSourceCodeAccess/Binaries/Win64/UnrealEditor.modules" 728
"../../../Engine/Plugins/Tests/InterchangeTests/Binaries/Win64/UnrealEditor.modules" 729
"../../../Engine/Plugins/Runtime/ActorLayerUtilities/Binaries/Win64/UnrealEditor.modules" 730
"../../../Engine/Plugins/Runtime/AndroidDeviceProfileSelector/Binaries/Win64/UnrealEditor.modules" 731
"../../../Engine/Plugins/Runtime/AndroidFileServer/Binaries/Win64/UnrealEditor.modules" 732
"../../../Engine/Plugins/Runtime/AndroidPermission/Binaries/Win64/UnrealEditor.modules" 733
"../../../Engine/Plugins/Runtime/AppleImageUtils/Binaries/Win64/UnrealEditor.modules" 734
"../../../Engine/Plugins/Runtime/ArchVisCharacter/Binaries/Win64/UnrealEditor.modules" 735
"../../../Engine/Plugins/Runtime/AssetTags/Binaries/Win64/UnrealEditor.modules" 736
"../../../Engine/Plugins/Runtime/AudioCapture/Binaries/Win64/UnrealEditor.modules" 737
"../../../Engine/Plugins/Runtime/CableComponent/Binaries/Win64/UnrealEditor.modules" 738
"../../../Engine/Plugins/Runtime/ChunkDownloader/Binaries/Win64/UnrealEditor.modules" 739
"../../../Engine/Plugins/Runtime/CustomMeshComponent/Binaries/Win64/UnrealEditor.modules" 740
"../../../Engine/Plugins/Runtime/ExampleDeviceProfileSelector/Binaries/Win64/UnrealEditor.modules" 741
"../../../Engine/Plugins/Runtime/GeometryCache/Binaries/Win64/UnrealEditor.modules" 742
"../../../Engine/Plugins/Runtime/GooglePAD/Binaries/Win64/UnrealEditor.modules" 743
"../../../Engine/Plugins/Runtime/InputDebugging/Binaries/Win64/UnrealEditor.modules" 744
"../../../Engine/Plugins/Runtime/LocationServicesBPLibrary/Binaries/Win64/UnrealEditor.modules" 745
"../../../Engine/Plugins/Runtime/Metasound/Binaries/Win64/UnrealEditor.modules" 746
"../../../Engine/Plugins/Runtime/AudioWidgets/Binaries/Win64/UnrealEditor.modules" 747
"../../../Engine/Plugins/Runtime/AudioSynesthesia/Binaries/Win64/UnrealEditor.modules" 748
"../../../Engine/Plugins/Runtime/WaveTable/Binaries/Win64/UnrealEditor.modules" 749
"../../../Engine/Plugins/Runtime/MobilePatchingUtils/Binaries/Win64/UnrealEditor.modules" 750
"../../../Engine/Plugins/Runtime/MsQuic/Binaries/Win64/UnrealEditor.modules" 751
"../../../Engine/Plugins/Runtime/ProceduralMeshComponent/Binaries/Win64/UnrealEditor.modules" 752
"../../../Engine/Plugins/Runtime/ResonanceAudio/Binaries/Win64/UnrealEditor.modules" 753
"../../../Engine/Plugins/Runtime/SoundFields/Binaries/Win64/UnrealEditor.modules" 754
"../../../Engine/Plugins/Runtime/Synthesis/Binaries/Win64/UnrealEditor.modules" 755
"../../../Engine/Plugins/Runtime/WebMMoviePlayer/Binaries/Win64/UnrealEditor.modules" 756
"../../../Engine/Plugins/Media/WebMMedia/Binaries/Win64/UnrealEditor.modules" 757
"../../../Engine/Plugins/Runtime/WindowsDeviceProfileSelector/Binaries/Win64/UnrealEditor.modules" 758
"../../../Engine/Plugins/Runtime/WindowsMoviePlayer/Binaries/Win64/UnrealEditor.modules" 759
"../../../Engine/Plugins/Cameras/CameraShakePreviewer/Binaries/Win64/UnrealEditor.modules" 760
"../../../Engine/Plugins/Cameras/GameplayCameras/Binaries/Win64/UnrealEditor.modules" 761
"../../../Engine/Plugins/MovieScene/TemplateSequence/Binaries/Win64/UnrealEditor.modules" 762
"../../../Engine/Plugins/Editor/AssetManagerEditor/Binaries/Win64/UnrealEditor.modules" 763
"../../../Engine/Plugins/Editor/BlueprintHeaderView/Binaries/Win64/UnrealEditor.modules" 764
"../../../Engine/Plugins/Editor/ChangelistReview/Binaries/Win64/UnrealEditor.modules" 765
"../../../Engine/Plugins/Editor/CryptoKeys/Binaries/Win64/UnrealEditor.modules" 766
"../../../Engine/Plugins/Editor/CurveEditorTools/Binaries/Win64/UnrealEditor.modules" 767
"../../../Engine/Plugins/Editor/DataValidation/Binaries/Win64/UnrealEditor.modules" 768
"../../../Engine/Plugins/Editor/EditorDebugTools/Binaries/Win64/UnrealEditor.modules" 769
"../../../Engine/Plugins/Editor/FacialAnimation/Binaries/Win64/UnrealEditor.modules" 770
"../../../Engine/Plugins/Editor/EngineAssetDefinitions/Binaries/Win64/UnrealEditor.modules" 771
"../../../Engine/Plugins/Editor/GameplayTagsEditor/Binaries/Win64/UnrealEditor.modules" 772
"../../../Engine/Plugins/Editor/GeometryMode/Binaries/Win64/UnrealEditor.modules" 773
"../../../Engine/Plugins/Editor/MaterialAnalyzer/Binaries/Win64/UnrealEditor.modules" 774
"../../../Engine/Plugins/Editor/MobileLauncherProfileWizard/Binaries/Win64/UnrealEditor.modules" 775
"../../../Engine/Plugins/Editor/PluginBrowser/Binaries/Win64/UnrealEditor.modules" 776
"../../../Engine/Plugins/Editor/SequencerAnimTools/Binaries/Win64/UnrealEditor.modules" 777
"../../../Engine/Plugins/Editor/SpeedTreeImporter/Binaries/Win64/UnrealEditor.modules" 778
"../../../Engine/Plugins/Editor/UVEditor/Binaries/Win64/UnrealEditor.modules" 779
"../../../Engine/Plugins/Editor/WorldPartitionHLODUtilities/Binaries/Win64/UnrealEditor.modules" 780
"../../../Engine/Plugins/Enterprise/DatasmithContent/Binaries/Win64/UnrealEditor.modules" 781
"../../../Engine/Plugins/Enterprise/GLTFExporter/Binaries/Win64/UnrealEditor.modules" 782
"../../../Engine/Plugins/Importers/AlembicImporter/Binaries/Win64/UnrealEditor.modules" 783
"../../../Engine/Plugins/Media/AndroidMedia/Binaries/Win64/UnrealEditor.modules" 784
"../../../Engine/Plugins/Media/AvfMedia/Binaries/Win64/UnrealEditor.modules" 785
"../../../Engine/Plugins/Media/ImgMedia/Binaries/Win64/UnrealEditor.modules" 786
"../../../Engine/Plugins/Media/MediaPlayerEditor/Binaries/Win64/UnrealEditor.modules" 787
"../../../Engine/Plugins/Media/MediaCompositing/Binaries/Win64/UnrealEditor.modules" 788
"../../../Engine/Plugins/Media/MediaPlate/Binaries/Win64/UnrealEditor.modules" 789
"../../../Engine/Plugins/Media/WmfMedia/Binaries/Win64/UnrealEditor.modules" 790
"../../../Engine/Plugins/Messaging/TcpMessaging/Binaries/Win64/UnrealEditor.modules" 791
"../../../Engine/Plugins/Messaging/UdpMessaging/Binaries/Win64/UnrealEditor.modules" 792
"../../../Engine/Plugins/MovieScene/ActorSequence/Binaries/Win64/UnrealEditor.modules" 793
"../../../Engine/Plugins/Experimental/AutomationUtils/Binaries/Win64/UnrealEditor.modules" 794
"../../../Engine/Plugins/Experimental/BackChannel/Binaries/Win64/UnrealEditor.modules" 795
"../../../Engine/Plugins/Experimental/ChaosCloth/Binaries/Win64/UnrealEditor.modules" 796
"../../../Engine/Plugins/Experimental/ChaosCaching/Binaries/Win64/UnrealEditor.modules" 797
"../../../Engine/Plugins/VirtualProduction/Takes/Binaries/Win64/UnrealEditor.modules" 798
"../../../Engine/Plugins/Experimental/ChaosClothEditor/Binaries/Win64/UnrealEditor.modules" 799
"../../../Engine/Plugins/Experimental/ChaosEditor/Binaries/Win64/UnrealEditor.modules" 800
"../../../Engine/Plugins/Experimental/PlanarCutPlugin/Binaries/Win64/UnrealEditor.modules" 801
"../../../Engine/Plugins/Experimental/GeometryCollectionPlugin/Binaries/Win64/UnrealEditor.modules" 802
"../../../Engine/Plugins/Experimental/Fracture/Binaries/Win64/UnrealEditor.modules" 803
"../../../Engine/Plugins/Experimental/ChaosSolverPlugin/Binaries/Win64/UnrealEditor.modules" 804
"../../../Engine/Plugins/Experimental/Dataflow/Binaries/Win64/UnrealEditor.modules" 805
"../../../Engine/Plugins/Experimental/ChaosNiagara/Binaries/Win64/UnrealEditor.modules" 806
"../../../Engine/Plugins/Experimental/ChaosUserDataPT/Binaries/Win64/UnrealEditor.modules" 807
"../../../Engine/Plugins/Experimental/CharacterAI/Binaries/Win64/UnrealEditor.modules" 808
"../../../Engine/Plugins/Experimental/LocalizableMessage/Binaries/Win64/UnrealEditor.modules" 809
"../../../Engine/Plugins/Experimental/StructUtils/Binaries/Win64/UnrealEditor.modules" 810
"../../../Engine/Plugins/Experimental/OpenImageDenoise/Binaries/Win64/UnrealEditor.modules" 811
"../../../Engine/Plugins/Experimental/PlatformCrypto/Binaries/Win64/UnrealEditor.modules" 812
"../../../Engine/Plugins/Experimental/SkeletalReduction/Binaries/Win64/UnrealEditor.modules" 813
"../../../Engine/Plugins/Editor/Localization/PortableObjectFileDataSource/Binaries/Win64/UnrealEditor.modules" 814
"../../../Engine/Plugins/Editor/ContentBrowser/ContentBrowserClassDataSource/Binaries/Win64/UnrealEditor.modules" 815
"../../../Engine/Plugins/Editor/ContentBrowser/ContentBrowserAssetDataSource/Binaries/Win64/UnrealEditor.modules" 816
"../../../Engine/Plugins/Editor/ObjectMixer/LightMixer/Binaries/Win64/UnrealEditor.modules" 817
"../../../Engine/Plugins/Editor/ObjectMixer/ObjectMixer/Binaries/Win64/UnrealEditor.modules" 818
"../../../Engine/Content/Certificates/ThirdParty/cacert.pem" 819
"../../../Engine/Config/ConsoleVariables.ini" 820
"../../../Engine/Binaries/Win64/Android/UnrealEditor.modules" 821
"../../../Engine/Binaries/Win64/IOS/UnrealEditor.modules" 822
"../../../Engine/Binaries/Win64/Linux/UnrealEditor.modules" 823
"../../../Engine/Binaries/Win64/LinuxArm64/UnrealEditor.modules" 824
"../../../Engine/Content/Localization/Editor/en/Editor.locres" 825
"../../../Engine/Content/Localization/EditorTutorials/en/EditorTutorials.locres" 826
"../../../Engine/Content/Localization/Keywords/en/Keywords.locres" 827
"../../../Engine/Content/Localization/Category/en/Category.locres" 828
"../../../Engine/Content/Localization/ToolTips/en/ToolTips.locres" 829
"../../../Engine/Content/Localization/PropertyNames/en/PropertyNames.locres" 830
"../../../Engine/Content/Localization/Engine/en/Engine.locres" 831
"../../../Engine/Plugins/Online/OnlineSubsystem/Content/Localization/OnlineSubsystem/en/OnlineSubsystem.locres" 832
"../../../Engine/Plugins/Online/OnlineSubsystemUtils/Content/Localization/OnlineSubsystemUtils/en/OnlineSubsystemUtils.locres" 833
"../../../Engine/Plugins/Online/Android/OnlineSubsystemGooglePlay/Content/Localization/OnlineSubsystemGooglePlay/en/OnlineSubsystemGooglePlay.locres" 834
"../../../Engine/Plugins/Online/IOS/OnlineSubsystemIOS/Content/Localization/OnlineSubsystemIOS/en/OnlineSubsystemIOS.locres" 835
"../../../Engine/Content/Internationalization/icudt64l/numberingSystems.res" 836
"../../../Engine/Content/Internationalization/icudt64l/curr/supplementalData.res" 837
"../../../Engine/Content/Internationalization/icudt64l/curr/ko.res" 838
"../../../Engine/Content/Internationalization/icudt64l/curr/pool.res" 839
"../../../Engine/Content/Internationalization/icudt64l/curr/root.res" 840
"../../../Engine/Content/Internationalization/icudt64l/lang/af.res" 841
"../../../Engine/Content/Internationalization/icudt64l/region/af.res" 842
"../../../Engine/Content/Internationalization/icudt64l/lang/agq.res" 843
"../../../Engine/Content/Internationalization/icudt64l/region/agq.res" 844
"../../../Engine/Content/Internationalization/icudt64l/lang/ak.res" 845
"../../../Engine/Content/Internationalization/icudt64l/region/ak.res" 846
"../../../Engine/Content/Internationalization/icudt64l/lang/am.res" 847
"../../../Engine/Content/Internationalization/icudt64l/region/am.res" 848
"../../../Engine/Content/Internationalization/icudt64l/lang/ar.res" 849
"../../../Engine/Content/Internationalization/icudt64l/region/ar.res" 850
"../../../Engine/Content/Internationalization/icudt64l/region/ar_AE.res" 851
"../../../Engine/Content/Internationalization/icudt64l/lang/ar_EG.res" 852
"../../../Engine/Content/Internationalization/icudt64l/lang/ar_LY.res" 853
"../../../Engine/Content/Internationalization/icudt64l/region/ar_LY.res" 854
"../../../Engine/Content/Internationalization/icudt64l/lang/ar_SA.res" 855
"../../../Engine/Content/Internationalization/icudt64l/region/ar_SA.res" 856
"../../../Engine/Content/Internationalization/icudt64l/lang/as.res" 857
"../../../Engine/Content/Internationalization/icudt64l/region/as.res" 858
"../../../Engine/Content/Internationalization/icudt64l/lang/asa.res" 859
"../../../Engine/Content/Internationalization/icudt64l/region/asa.res" 860
"../../../Engine/Content/Internationalization/icudt64l/lang/ast.res" 861
"../../../Engine/Content/Internationalization/icudt64l/region/ast.res" 862
"../../../Engine/Content/Internationalization/icudt64l/lang/az.res" 863
"../../../Engine/Content/Internationalization/icudt64l/lang/az_Cyrl.res" 864
"../../../Engine/Content/Internationalization/icudt64l/lang/az_AZ.res" 865
"../../../Engine/Content/Internationalization/icudt64l/lang/az_Latn_AZ.res" 866
"../../../Engine/Content/Internationalization/icudt64l/lang/az_Latn.res" 867
"../../../Engine/Content/Internationalization/icudt64l/region/az_AZ.res" 868
"../../../Engine/Content/Internationalization/icudt64l/region/az_Latn_AZ.res" 869
"../../../Engine/Content/Internationalization/icudt64l/region/az_Latn.res" 870
"../../../Engine/Content/Internationalization/icudt64l/region/az.res" 871
"../../../Engine/Content/Internationalization/icudt64l/region/az_Cyrl.res" 872
"../../../Engine/Content/Internationalization/icudt64l/lang/bas.res" 873
"../../../Engine/Content/Internationalization/icudt64l/region/bas.res" 874
"../../../Engine/Content/Internationalization/icudt64l/lang/be.res" 875
"../../../Engine/Content/Internationalization/icudt64l/region/be.res" 876
"../../../Engine/Content/Internationalization/icudt64l/lang/bem.res" 877
"../../../Engine/Content/Internationalization/icudt64l/region/bem.res" 878
"../../../Engine/Content/Internationalization/icudt64l/lang/bez.res" 879
"../../../Engine/Content/Internationalization/icudt64l/region/bez.res" 880
"../../../Engine/Content/Internationalization/icudt64l/lang/bg.res" 881
"../../../Engine/Content/Internationalization/icudt64l/region/bg.res" 882
"../../../Engine/Content/Internationalization/icudt64l/lang/bm.res" 883
"../../../Engine/Content/Internationalization/icudt64l/region/bm.res" 884
"../../../Engine/Content/Internationalization/icudt64l/lang/bn.res" 885
"../../../Engine/Content/Internationalization/icudt64l/region/bn.res" 886
"../../../Engine/Content/Internationalization/icudt64l/lang/bn_IN.res" 887
"../../../Engine/Content/Internationalization/icudt64l/region/bn_IN.res" 888
"../../../Engine/Content/Internationalization/icudt64l/lang/bo.res" 889
"../../../Engine/Content/Internationalization/icudt64l/region/bo.res" 890
"../../../Engine/Content/Internationalization/icudt64l/region/bo_IN.res" 891
"../../../Engine/Content/Internationalization/icudt64l/lang/br.res" 892
"../../../Engine/Content/Internationalization/icudt64l/region/br.res" 893
"../../../Engine/Content/Internationalization/icudt64l/lang/brx.res" 894
"../../../Engine/Content/Internationalization/icudt64l/region/brx.res" 895
"../../../Engine/Content/Internationalization/icudt64l/lang/bs.res" 896
"../../../Engine/Content/Internationalization/icudt64l/lang/bs_Cyrl.res" 897
"../../../Engine/Content/Internationalization/icudt64l/lang/bs_BA.res" 898
"../../../Engine/Content/Internationalization/icudt64l/lang/bs_Latn_BA.res" 899
"../../../Engine/Content/Internationalization/icudt64l/lang/bs_Latn.res" 900
"../../../Engine/Content/Internationalization/icudt64l/region/bs_BA.res" 901
"../../../Engine/Content/Internationalization/icudt64l/region/bs_Latn_BA.res" 902
"../../../Engine/Content/Internationalization/icudt64l/region/bs_Latn.res" 903
"../../../Engine/Content/Internationalization/icudt64l/region/bs.res" 904
"../../../Engine/Content/Internationalization/icudt64l/region/bs_Cyrl.res" 905
"../../../Engine/Content/Internationalization/icudt64l/lang/ca.res" 906
"../../../Engine/Content/Internationalization/icudt64l/region/ca.res" 907
"../../../Engine/Content/Internationalization/icudt64l/lang/ccp.res" 908
"../../../Engine/Content/Internationalization/icudt64l/region/ccp.res" 909
"../../../Engine/Content/Internationalization/icudt64l/lang/ce.res" 910
"../../../Engine/Content/Internationalization/icudt64l/region/ce.res" 911
"../../../Engine/Content/Internationalization/icudt64l/lang/ceb.res" 912
"../../../Engine/Content/Internationalization/icudt64l/region/ceb.res" 913
"../../../Engine/Content/Internationalization/icudt64l/lang/cgg.res" 914
"../../../Engine/Content/Internationalization/icudt64l/region/cgg.res" 915
"../../../Engine/Content/Internationalization/icudt64l/lang/chr.res" 916
"../../../Engine/Content/Internationalization/icudt64l/region/chr.res" 917
"../../../Engine/Content/Internationalization/icudt64l/lang/ckb.res" 918
"../../../Engine/Content/Internationalization/icudt64l/region/ckb.res" 919
"../../../Engine/Content/Internationalization/icudt64l/lang/cs.res" 920
"../../../Engine/Content/Internationalization/icudt64l/region/cs.res" 921
"../../../Engine/Content/Internationalization/icudt64l/lang/cy.res" 922
"../../../Engine/Content/Internationalization/icudt64l/region/cy.res" 923
"../../../Engine/Content/Internationalization/icudt64l/lang/da.res" 924
"../../../Engine/Content/Internationalization/icudt64l/region/da.res" 925
"../../../Engine/Content/Internationalization/icudt64l/lang/dav.res" 926
"../../../Engine/Content/Internationalization/icudt64l/region/dav.res" 927
"../../../Engine/Content/Internationalization/icudt64l/lang/de.res" 928
"../../../Engine/Content/Internationalization/icudt64l/lang/de_AT.res" 929
"../../../Engine/Content/Internationalization/icudt64l/region/de_AT.res" 930
"../../../Engine/Content/Internationalization/icudt64l/region/de.res" 931
"../../../Engine/Content/Internationalization/icudt64l/lang/de_CH.res" 932
"../../../Engine/Content/Internationalization/icudt64l/region/de_CH.res" 933
"../../../Engine/Content/Internationalization/icudt64l/lang/de_LU.res" 934
"../../../Engine/Content/Internationalization/icudt64l/lang/dje.res" 935
"../../../Engine/Content/Internationalization/icudt64l/region/dje.res" 936
"../../../Engine/Content/Internationalization/icudt64l/lang/dsb.res" 937
"../../../Engine/Content/Internationalization/icudt64l/region/dsb.res" 938
"../../../Engine/Content/Internationalization/icudt64l/lang/dua.res" 939
"../../../Engine/Content/Internationalization/icudt64l/region/dua.res" 940
"../../../Engine/Content/Internationalization/icudt64l/lang/dyo.res" 941
"../../../Engine/Content/Internationalization/icudt64l/region/dyo.res" 942
"../../../Engine/Content/Internationalization/icudt64l/lang/dz.res" 943
"../../../Engine/Content/Internationalization/icudt64l/region/dz.res" 944
"../../../Engine/Content/Internationalization/icudt64l/lang/ebu.res" 945
"../../../Engine/Content/Internationalization/icudt64l/region/ebu.res" 946
"../../../Engine/Content/Internationalization/icudt64l/lang/ee.res" 947
"../../../Engine/Content/Internationalization/icudt64l/region/ee.res" 948
"../../../Engine/Content/Internationalization/icudt64l/lang/el.res" 949
"../../../Engine/Content/Internationalization/icudt64l/region/el.res" 950
"../../../Engine/Content/Internationalization/icudt64l/lang/en_001.res" 951
"../../../Engine/Content/Internationalization/icudt64l/lang/en_150.res" 952
"../../../Engine/Content/Internationalization/icudt64l/region/en_150.res" 953
"../../../Engine/Content/Internationalization/icudt64l/lang/en_AG.res" 954
"../../../Engine/Content/Internationalization/icudt64l/region/en_AG.res" 955
"../../../Engine/Content/Internationalization/icudt64l/lang/en_AI.res" 956
"../../../Engine/Content/Internationalization/icudt64l/region/en_AI.res" 957
"../../../Engine/Content/Internationalization/icudt64l/lang/en_AT.res" 958
"../../../Engine/Content/Internationalization/icudt64l/region/en_AT.res" 959
"../../../Engine/Content/Internationalization/icudt64l/lang/en_AU.res" 960
"../../../Engine/Content/Internationalization/icudt64l/region/en_AU.res" 961
"../../../Engine/Content/Internationalization/icudt64l/lang/en_BB.res" 962
"../../../Engine/Content/Internationalization/icudt64l/region/en_BB.res" 963
"../../../Engine/Content/Internationalization/icudt64l/lang/en_BE.res" 964
"../../../Engine/Content/Internationalization/icudt64l/region/en_BE.res" 965
"../../../Engine/Content/Internationalization/icudt64l/lang/en_BM.res" 966
"../../../Engine/Content/Internationalization/icudt64l/region/en_BM.res" 967
"../../../Engine/Content/Internationalization/icudt64l/lang/en_BS.res" 968
"../../../Engine/Content/Internationalization/icudt64l/region/en_BS.res" 969
"../../../Engine/Content/Internationalization/icudt64l/lang/en_BW.res" 970
"../../../Engine/Content/Internationalization/icudt64l/region/en_BW.res" 971
"../../../Engine/Content/Internationalization/icudt64l/lang/en_BZ.res" 972
"../../../Engine/Content/Internationalization/icudt64l/region/en_BZ.res" 973
"../../../Engine/Content/Internationalization/icudt64l/lang/en_CA.res" 974
"../../../Engine/Content/Internationalization/icudt64l/region/en_CA.res" 975
"../../../Engine/Content/Internationalization/icudt64l/lang/en_CC.res" 976
"../../../Engine/Content/Internationalization/icudt64l/region/en_CC.res" 977
"../../../Engine/Content/Internationalization/icudt64l/lang/en_CH.res" 978
"../../../Engine/Content/Internationalization/icudt64l/region/en_CH.res" 979
"../../../Engine/Content/Internationalization/icudt64l/lang/en_CK.res" 980
"../../../Engine/Content/Internationalization/icudt64l/region/en_CK.res" 981
"../../../Engine/Content/Internationalization/icudt64l/lang/en_CM.res" 982
"../../../Engine/Content/Internationalization/icudt64l/region/en_CM.res" 983
"../../../Engine/Content/Internationalization/icudt64l/lang/en_CX.res" 984
"../../../Engine/Content/Internationalization/icudt64l/region/en_CX.res" 985
"../../../Engine/Content/Internationalization/icudt64l/lang/en_CY.res" 986
"../../../Engine/Content/Internationalization/icudt64l/region/en_CY.res" 987
"../../../Engine/Content/Internationalization/icudt64l/lang/en_DE.res" 988
"../../../Engine/Content/Internationalization/icudt64l/region/en_DE.res" 989
"../../../Engine/Content/Internationalization/icudt64l/lang/en_DG.res" 990
"../../../Engine/Content/Internationalization/icudt64l/region/en_DG.res" 991
"../../../Engine/Content/Internationalization/icudt64l/lang/en_DK.res" 992
"../../../Engine/Content/Internationalization/icudt64l/region/en_DK.res" 993
"../../../Engine/Content/Internationalization/icudt64l/lang/en_DM.res" 994
"../../../Engine/Content/Internationalization/icudt64l/region/en_DM.res" 995
"../../../Engine/Content/Internationalization/icudt64l/lang/en_ER.res" 996
"../../../Engine/Content/Internationalization/icudt64l/region/en_ER.res" 997
"../../../Engine/Content/Internationalization/icudt64l/lang/en_FI.res" 998
"../../../Engine/Content/Internationalization/icudt64l/region/en_FI.res" 999
"../../../Engine/Content/Internationalization/icudt64l/lang/en_FJ.res" 1000
"../../../Engine/Content/Internationalization/icudt64l/region/en_FJ.res" 1001
"../../../Engine/Content/Internationalization/icudt64l/lang/en_FK.res" 1002
"../../../Engine/Content/Internationalization/icudt64l/region/en_FK.res" 1003
"../../../Engine/Content/Internationalization/icudt64l/lang/en_FM.res" 1004
"../../../Engine/Content/Internationalization/icudt64l/region/en_FM.res" 1005
"../../../Engine/Content/Internationalization/icudt64l/lang/en_GB.res" 1006
"../../../Engine/Content/Internationalization/icudt64l/region/en_GB.res" 1007
"../../../Engine/Content/Internationalization/icudt64l/lang/en_GD.res" 1008
"../../../Engine/Content/Internationalization/icudt64l/region/en_GD.res" 1009
"../../../Engine/Content/Internationalization/icudt64l/lang/en_GG.res" 1010
"../../../Engine/Content/Internationalization/icudt64l/region/en_GG.res" 1011
"../../../Engine/Content/Internationalization/icudt64l/lang/en_GH.res" 1012
"../../../Engine/Content/Internationalization/icudt64l/region/en_GH.res" 1013
"../../../Engine/Content/Internationalization/icudt64l/lang/en_GI.res" 1014
"../../../Engine/Content/Internationalization/icudt64l/region/en_GI.res" 1015
"../../../Engine/Content/Internationalization/icudt64l/lang/en_GM.res" 1016
"../../../Engine/Content/Internationalization/icudt64l/region/en_GM.res" 1017
"../../../Engine/Content/Internationalization/icudt64l/lang/en_GY.res" 1018
"../../../Engine/Content/Internationalization/icudt64l/region/en_GY.res" 1019
"../../../Engine/Content/Internationalization/icudt64l/lang/en_HK.res" 1020
"../../../Engine/Content/Internationalization/icudt64l/region/en_HK.res" 1021
"../../../Engine/Content/Internationalization/icudt64l/lang/en_IE.res" 1022
"../../../Engine/Content/Internationalization/icudt64l/region/en_IE.res" 1023
"../../../Engine/Content/Internationalization/icudt64l/lang/en_IL.res" 1024
"../../../Engine/Content/Internationalization/icudt64l/region/en_IL.res" 1025
"../../../Engine/Content/Internationalization/icudt64l/lang/en_IM.res" 1026
"../../../Engine/Content/Internationalization/icudt64l/region/en_IM.res" 1027
"../../../Engine/Content/Internationalization/icudt64l/lang/en_IN.res" 1028
"../../../Engine/Content/Internationalization/icudt64l/region/en_IN.res" 1029
"../../../Engine/Content/Internationalization/icudt64l/lang/en_IO.res" 1030
"../../../Engine/Content/Internationalization/icudt64l/region/en_IO.res" 1031
"../../../Engine/Content/Internationalization/icudt64l/lang/en_JE.res" 1032
"../../../Engine/Content/Internationalization/icudt64l/region/en_JE.res" 1033
"../../../Engine/Content/Internationalization/icudt64l/lang/en_JM.res" 1034
"../../../Engine/Content/Internationalization/icudt64l/region/en_JM.res" 1035
"../../../Engine/Content/Internationalization/icudt64l/lang/en_KE.res" 1036
"../../../Engine/Content/Internationalization/icudt64l/region/en_KE.res" 1037
"../../../Engine/Content/Internationalization/icudt64l/lang/en_KI.res" 1038
"../../../Engine/Content/Internationalization/icudt64l/region/en_KI.res" 1039
"../../../Engine/Content/Internationalization/icudt64l/lang/en_KN.res" 1040
"../../../Engine/Content/Internationalization/icudt64l/region/en_KN.res" 1041
"../../../Engine/Content/Internationalization/icudt64l/lang/en_KY.res" 1042
"../../../Engine/Content/Internationalization/icudt64l/region/en_KY.res" 1043
"../../../Engine/Content/Internationalization/icudt64l/lang/en_LC.res" 1044
"../../../Engine/Content/Internationalization/icudt64l/region/en_LC.res" 1045
"../../../Engine/Content/Internationalization/icudt64l/lang/en_LR.res" 1046
"../../../Engine/Content/Internationalization/icudt64l/region/en_LR.res" 1047
"../../../Engine/Content/Internationalization/icudt64l/lang/en_LS.res" 1048
"../../../Engine/Content/Internationalization/icudt64l/region/en_LS.res" 1049
"../../../Engine/Content/Internationalization/icudt64l/lang/en_MG.res" 1050
"../../../Engine/Content/Internationalization/icudt64l/region/en_MG.res" 1051
"../../../Engine/Content/Internationalization/icudt64l/lang/en_MO.res" 1052
"../../../Engine/Content/Internationalization/icudt64l/region/en_MO.res" 1053
"../../../Engine/Content/Internationalization/icudt64l/lang/en_MS.res" 1054
"../../../Engine/Content/Internationalization/icudt64l/region/en_MS.res" 1055
"../../../Engine/Content/Internationalization/icudt64l/lang/en_MT.res" 1056
"../../../Engine/Content/Internationalization/icudt64l/region/en_MT.res" 1057
"../../../Engine/Content/Internationalization/icudt64l/lang/en_MU.res" 1058
"../../../Engine/Content/Internationalization/icudt64l/region/en_MU.res" 1059
"../../../Engine/Content/Internationalization/icudt64l/lang/en_MW.res" 1060
"../../../Engine/Content/Internationalization/icudt64l/region/en_MW.res" 1061
"../../../Engine/Content/Internationalization/icudt64l/lang/en_MY.res" 1062
"../../../Engine/Content/Internationalization/icudt64l/region/en_MY.res" 1063
"../../../Engine/Content/Internationalization/icudt64l/lang/en_NA.res" 1064
"../../../Engine/Content/Internationalization/icudt64l/region/en_NA.res" 1065
"../../../Engine/Content/Internationalization/icudt64l/lang/en_NF.res" 1066
"../../../Engine/Content/Internationalization/icudt64l/region/en_NF.res" 1067
"../../../Engine/Content/Internationalization/icudt64l/lang/en_NG.res" 1068
"../../../Engine/Content/Internationalization/icudt64l/region/en_NG.res" 1069
"../../../Engine/Content/Internationalization/icudt64l/lang/en_NL.res" 1070
"../../../Engine/Content/Internationalization/icudt64l/region/en_NL.res" 1071
"../../../Engine/Content/Internationalization/icudt64l/lang/en_NR.res" 1072
"../../../Engine/Content/Internationalization/icudt64l/region/en_NR.res" 1073
"../../../Engine/Content/Internationalization/icudt64l/lang/en_NU.res" 1074
"../../../Engine/Content/Internationalization/icudt64l/region/en_NU.res" 1075
"../../../Engine/Content/Internationalization/icudt64l/lang/en_NZ.res" 1076
"../../../Engine/Content/Internationalization/icudt64l/region/en_NZ.res" 1077
"../../../Engine/Content/Internationalization/icudt64l/lang/en_PG.res" 1078
"../../../Engine/Content/Internationalization/icudt64l/region/en_PG.res" 1079
"../../../Engine/Content/Internationalization/icudt64l/lang/en_PH.res" 1080
"../../../Engine/Content/Internationalization/icudt64l/region/en_PH.res" 1081
"../../../Engine/Content/Internationalization/icudt64l/lang/en_PK.res" 1082
"../../../Engine/Content/Internationalization/icudt64l/region/en_PK.res" 1083
"../../../Engine/Content/Internationalization/icudt64l/lang/en_PN.res" 1084
"../../../Engine/Content/Internationalization/icudt64l/region/en_PN.res" 1085
"../../../Engine/Content/Internationalization/icudt64l/lang/en_PW.res" 1086
"../../../Engine/Content/Internationalization/icudt64l/region/en_PW.res" 1087
"../../../Engine/Content/Internationalization/icudt64l/lang/en_RW.res" 1088
"../../../Engine/Content/Internationalization/icudt64l/region/en_RW.res" 1089
"../../../Engine/Content/Internationalization/icudt64l/lang/en_SB.res" 1090
"../../../Engine/Content/Internationalization/icudt64l/region/en_SB.res" 1091
"../../../Engine/Content/Internationalization/icudt64l/lang/en_SC.res" 1092
"../../../Engine/Content/Internationalization/icudt64l/region/en_SC.res" 1093
"../../../Engine/Content/Internationalization/icudt64l/lang/en_SD.res" 1094
"../../../Engine/Content/Internationalization/icudt64l/region/en_SD.res" 1095
"../../../Engine/Content/Internationalization/icudt64l/lang/en_SE.res" 1096
"../../../Engine/Content/Internationalization/icudt64l/region/en_SE.res" 1097
"../../../Engine/Content/Internationalization/icudt64l/lang/en_SG.res" 1098
"../../../Engine/Content/Internationalization/icudt64l/region/en_SG.res" 1099
"../../../Engine/Content/Internationalization/icudt64l/lang/en_SH.res" 1100
"../../../Engine/Content/Internationalization/icudt64l/region/en_SH.res" 1101
"../../../Engine/Content/Internationalization/icudt64l/lang/en_SI.res" 1102
"../../../Engine/Content/Internationalization/icudt64l/region/en_SI.res" 1103
"../../../Engine/Content/Internationalization/icudt64l/lang/en_SL.res" 1104
"../../../Engine/Content/Internationalization/icudt64l/region/en_SL.res" 1105
"../../../Engine/Content/Internationalization/icudt64l/lang/en_SS.res" 1106
"../../../Engine/Content/Internationalization/icudt64l/region/en_SS.res" 1107
"../../../Engine/Content/Internationalization/icudt64l/lang/en_SX.res" 1108
"../../../Engine/Content/Internationalization/icudt64l/region/en_SX.res" 1109
"../../../Engine/Content/Internationalization/icudt64l/lang/en_SZ.res" 1110
"../../../Engine/Content/Internationalization/icudt64l/region/en_SZ.res" 1111
"../../../Engine/Content/Internationalization/icudt64l/lang/en_TC.res" 1112
"../../../Engine/Content/Internationalization/icudt64l/region/en_TC.res" 1113
"../../../Engine/Content/Internationalization/icudt64l/lang/en_TK.res" 1114
"../../../Engine/Content/Internationalization/icudt64l/region/en_TK.res" 1115
"../../../Engine/Content/Internationalization/icudt64l/lang/en_TO.res" 1116
"../../../Engine/Content/Internationalization/icudt64l/region/en_TO.res" 1117
"../../../Engine/Content/Internationalization/icudt64l/lang/en_TT.res" 1118
"../../../Engine/Content/Internationalization/icudt64l/region/en_TT.res" 1119
"../../../Engine/Content/Internationalization/icudt64l/lang/en_TV.res" 1120
"../../../Engine/Content/Internationalization/icudt64l/region/en_TV.res" 1121
"../../../Engine/Content/Internationalization/icudt64l/lang/en_TZ.res" 1122
"../../../Engine/Content/Internationalization/icudt64l/region/en_TZ.res" 1123
"../../../Engine/Content/Internationalization/icudt64l/lang/en_UG.res" 1124
"../../../Engine/Content/Internationalization/icudt64l/region/en_UG.res" 1125
"../../../Engine/Content/Internationalization/icudt64l/lang/en_VC.res" 1126
"../../../Engine/Content/Internationalization/icudt64l/region/en_VC.res" 1127
"../../../Engine/Content/Internationalization/icudt64l/lang/en_VG.res" 1128
"../../../Engine/Content/Internationalization/icudt64l/region/en_VG.res" 1129
"../../../Engine/Content/Internationalization/icudt64l/lang/en_VU.res" 1130
"../../../Engine/Content/Internationalization/icudt64l/region/en_VU.res" 1131
"../../../Engine/Content/Internationalization/icudt64l/lang/en_WS.res" 1132
"../../../Engine/Content/Internationalization/icudt64l/region/en_WS.res" 1133
"../../../Engine/Content/Internationalization/icudt64l/lang/en_ZA.res" 1134
"../../../Engine/Content/Internationalization/icudt64l/region/en_ZA.res" 1135
"../../../Engine/Content/Internationalization/icudt64l/lang/en_ZM.res" 1136
"../../../Engine/Content/Internationalization/icudt64l/region/en_ZM.res" 1137
"../../../Engine/Content/Internationalization/icudt64l/lang/en_ZW.res" 1138
"../../../Engine/Content/Internationalization/icudt64l/region/en_ZW.res" 1139
"../../../Engine/Content/Internationalization/icudt64l/lang/eo.res" 1140
"../../../Engine/Content/Internationalization/icudt64l/region/eo.res" 1141
"../../../Engine/Content/Internationalization/icudt64l/lang/es.res" 1142
"../../../Engine/Content/Internationalization/icudt64l/lang/es_419.res" 1143
"../../../Engine/Content/Internationalization/icudt64l/region/es_419.res" 1144
"../../../Engine/Content/Internationalization/icudt64l/region/es.res" 1145
"../../../Engine/Content/Internationalization/icudt64l/lang/es_AR.res" 1146
"../../../Engine/Content/Internationalization/icudt64l/region/es_AR.res" 1147
"../../../Engine/Content/Internationalization/icudt64l/lang/es_BO.res" 1148
"../../../Engine/Content/Internationalization/icudt64l/region/es_BO.res" 1149
"../../../Engine/Content/Internationalization/icudt64l/lang/es_BR.res" 1150
"../../../Engine/Content/Internationalization/icudt64l/region/es_BR.res" 1151
"../../../Engine/Content/Internationalization/icudt64l/lang/es_BZ.res" 1152
"../../../Engine/Content/Internationalization/icudt64l/region/es_BZ.res" 1153
"../../../Engine/Content/Internationalization/icudt64l/lang/es_CL.res" 1154
"../../../Engine/Content/Internationalization/icudt64l/region/es_CL.res" 1155
"../../../Engine/Content/Internationalization/icudt64l/lang/es_CO.res" 1156
"../../../Engine/Content/Internationalization/icudt64l/region/es_CO.res" 1157
"../../../Engine/Content/Internationalization/icudt64l/lang/es_CR.res" 1158
"../../../Engine/Content/Internationalization/icudt64l/region/es_CR.res" 1159
"../../../Engine/Content/Internationalization/icudt64l/lang/es_CU.res" 1160
"../../../Engine/Content/Internationalization/icudt64l/region/es_CU.res" 1161
"../../../Engine/Content/Internationalization/icudt64l/lang/es_DO.res" 1162
"../../../Engine/Content/Internationalization/icudt64l/region/es_DO.res" 1163
"../../../Engine/Content/Internationalization/icudt64l/lang/es_EC.res" 1164
"../../../Engine/Content/Internationalization/icudt64l/region/es_EC.res" 1165
"../../../Engine/Content/Internationalization/icudt64l/lang/es_GT.res" 1166
"../../../Engine/Content/Internationalization/icudt64l/region/es_GT.res" 1167
"../../../Engine/Content/Internationalization/icudt64l/lang/es_HN.res" 1168
"../../../Engine/Content/Internationalization/icudt64l/region/es_HN.res" 1169
"../../../Engine/Content/Internationalization/icudt64l/lang/es_MX.res" 1170
"../../../Engine/Content/Internationalization/icudt64l/region/es_MX.res" 1171
"../../../Engine/Content/Internationalization/icudt64l/lang/es_NI.res" 1172
"../../../Engine/Content/Internationalization/icudt64l/region/es_NI.res" 1173
"../../../Engine/Content/Internationalization/icudt64l/lang/es_PA.res" 1174
"../../../Engine/Content/Internationalization/icudt64l/region/es_PA.res" 1175
"../../../Engine/Content/Internationalization/icudt64l/lang/es_PE.res" 1176
"../../../Engine/Content/Internationalization/icudt64l/region/es_PE.res" 1177
"../../../Engine/Content/Internationalization/icudt64l/lang/es_PR.res" 1178
"../../../Engine/Content/Internationalization/icudt64l/region/es_PR.res" 1179
"../../../Engine/Content/Internationalization/icudt64l/lang/es_PY.res" 1180
"../../../Engine/Content/Internationalization/icudt64l/region/es_PY.res" 1181
"../../../Engine/Content/Internationalization/icudt64l/lang/es_SV.res" 1182
"../../../Engine/Content/Internationalization/icudt64l/region/es_SV.res" 1183
"../../../Engine/Content/Internationalization/icudt64l/lang/es_US.res" 1184
"../../../Engine/Content/Internationalization/icudt64l/region/es_US.res" 1185
"../../../Engine/Content/Internationalization/icudt64l/lang/es_UY.res" 1186
"../../../Engine/Content/Internationalization/icudt64l/region/es_UY.res" 1187
"../../../Engine/Content/Internationalization/icudt64l/lang/es_VE.res" 1188
"../../../Engine/Content/Internationalization/icudt64l/region/es_VE.res" 1189
"../../../Engine/Content/Internationalization/icudt64l/lang/et.res" 1190
"../../../Engine/Content/Internationalization/icudt64l/region/et.res" 1191
"../../../Engine/Content/Internationalization/icudt64l/lang/eu.res" 1192
"../../../Engine/Content/Internationalization/icudt64l/region/eu.res" 1193
"../../../Engine/Content/Internationalization/icudt64l/lang/ewo.res" 1194
"../../../Engine/Content/Internationalization/icudt64l/region/ewo.res" 1195
"../../../Engine/Content/Internationalization/icudt64l/lang/fa.res" 1196
"../../../Engine/Content/Internationalization/icudt64l/lang/fa_AF.res" 1197
"../../../Engine/Content/Internationalization/icudt64l/region/fa_AF.res" 1198
"../../../Engine/Content/Internationalization/icudt64l/region/fa.res" 1199
"../../../Engine/Content/Internationalization/icudt64l/lang/ff.res" 1200
"../../../Engine/Content/Internationalization/icudt64l/lang/ff_Latn.res" 1201
"../../../Engine/Content/Internationalization/icudt64l/region/ff.res" 1202
"../../../Engine/Content/Internationalization/icudt64l/region/ff_Latn.res" 1203
"../../../Engine/Content/Internationalization/icudt64l/lang/ff_CM.res" 1204
"../../../Engine/Content/Internationalization/icudt64l/lang/ff_Latn_CM.res" 1205
"../../../Engine/Content/Internationalization/icudt64l/region/ff_CM.res" 1206
"../../../Engine/Content/Internationalization/icudt64l/region/ff_Latn_CM.res" 1207
"../../../Engine/Content/Internationalization/icudt64l/lang/ff_GN.res" 1208
"../../../Engine/Content/Internationalization/icudt64l/lang/ff_Latn_GN.res" 1209
"../../../Engine/Content/Internationalization/icudt64l/region/ff_GN.res" 1210
"../../../Engine/Content/Internationalization/icudt64l/region/ff_Latn_GN.res" 1211
"../../../Engine/Content/Internationalization/icudt64l/lang/ff_MR.res" 1212
"../../../Engine/Content/Internationalization/icudt64l/lang/ff_Latn_MR.res" 1213
"../../../Engine/Content/Internationalization/icudt64l/region/ff_MR.res" 1214
"../../../Engine/Content/Internationalization/icudt64l/region/ff_Latn_MR.res" 1215
"../../../Engine/Content/Internationalization/icudt64l/lang/ff_SN.res" 1216
"../../../Engine/Content/Internationalization/icudt64l/lang/ff_Latn_SN.res" 1217
"../../../Engine/Content/Internationalization/icudt64l/region/ff_SN.res" 1218
"../../../Engine/Content/Internationalization/icudt64l/region/ff_Latn_SN.res" 1219
"../../../Engine/Content/Internationalization/icudt64l/lang/fi.res" 1220
"../../../Engine/Content/Internationalization/icudt64l/region/fi.res" 1221
"../../../Engine/Content/Internationalization/icudt64l/lang/fil.res" 1222
"../../../Engine/Content/Internationalization/icudt64l/lang/fil_PH.res" 1223
"../../../Engine/Content/Internationalization/icudt64l/region/fil_PH.res" 1224
"../../../Engine/Content/Internationalization/icudt64l/region/fil.res" 1225
"../../../Engine/Content/Internationalization/icudt64l/lang/fo.res" 1226
"../../../Engine/Content/Internationalization/icudt64l/region/fo.res" 1227
"../../../Engine/Content/Internationalization/icudt64l/lang/fr.res" 1228
"../../../Engine/Content/Internationalization/icudt64l/lang/fr_BE.res" 1229
"../../../Engine/Content/Internationalization/icudt64l/region/fr_BE.res" 1230
"../../../Engine/Content/Internationalization/icudt64l/region/fr.res" 1231
"../../../Engine/Content/Internationalization/icudt64l/lang/fr_CA.res" 1232
"../../../Engine/Content/Internationalization/icudt64l/region/fr_CA.res" 1233
"../../../Engine/Content/Internationalization/icudt64l/lang/fr_CH.res" 1234
"../../../Engine/Content/Internationalization/icudt64l/lang/fur.res" 1235
"../../../Engine/Content/Internationalization/icudt64l/region/fur.res" 1236
"../../../Engine/Content/Internationalization/icudt64l/lang/fy.res" 1237
"../../../Engine/Content/Internationalization/icudt64l/region/fy.res" 1238
"../../../Engine/Content/Internationalization/icudt64l/lang/ga.res" 1239
"../../../Engine/Content/Internationalization/icudt64l/region/ga.res" 1240
"../../../Engine/Content/Internationalization/icudt64l/lang/gd.res" 1241
"../../../Engine/Content/Internationalization/icudt64l/region/gd.res" 1242
"../../../Engine/Content/Internationalization/icudt64l/lang/gl.res" 1243
"../../../Engine/Content/Internationalization/icudt64l/region/gl.res" 1244
"../../../Engine/Content/Internationalization/icudt64l/lang/gsw.res" 1245
"../../../Engine/Content/Internationalization/icudt64l/region/gsw.res" 1246
"../../../Engine/Content/Internationalization/icudt64l/lang/gu.res" 1247
"../../../Engine/Content/Internationalization/icudt64l/region/gu.res" 1248
"../../../Engine/Content/Internationalization/icudt64l/lang/guz.res" 1249
"../../../Engine/Content/Internationalization/icudt64l/region/guz.res" 1250
"../../../Engine/Content/Internationalization/icudt64l/lang/gv.res" 1251
"../../../Engine/Content/Internationalization/icudt64l/region/gv.res" 1252
"../../../Engine/Content/Internationalization/icudt64l/lang/ha.res" 1253
"../../../Engine/Content/Internationalization/icudt64l/region/ha.res" 1254
"../../../Engine/Content/Internationalization/icudt64l/lang/ha_NE.res" 1255
"../../../Engine/Content/Internationalization/icudt64l/region/ha_NE.res" 1256
"../../../Engine/Content/Internationalization/icudt64l/lang/haw.res" 1257
"../../../Engine/Content/Internationalization/icudt64l/region/haw.res" 1258
"../../../Engine/Content/Internationalization/icudt64l/lang/he.res" 1259
"../../../Engine/Content/Internationalization/icudt64l/lang/he_IL.res" 1260
"../../../Engine/Content/Internationalization/icudt64l/region/he_IL.res" 1261
"../../../Engine/Content/Internationalization/icudt64l/region/he.res" 1262
"../../../Engine/Content/Internationalization/icudt64l/lang/hi.res" 1263
"../../../Engine/Content/Internationalization/icudt64l/region/hi.res" 1264
"../../../Engine/Content/Internationalization/icudt64l/lang/hr.res" 1265
"../../../Engine/Content/Internationalization/icudt64l/region/hr.res" 1266
"../../../Engine/Content/Internationalization/icudt64l/lang/hsb.res" 1267
"../../../Engine/Content/Internationalization/icudt64l/region/hsb.res" 1268
"../../../Engine/Content/Internationalization/icudt64l/lang/hu.res" 1269
"../../../Engine/Content/Internationalization/icudt64l/region/hu.res" 1270
"../../../Engine/Content/Internationalization/icudt64l/lang/hy.res" 1271
"../../../Engine/Content/Internationalization/icudt64l/region/hy.res" 1272
"../../../Engine/Content/Internationalization/icudt64l/lang/ia.res" 1273
"../../../Engine/Content/Internationalization/icudt64l/region/ia.res" 1274
"../../../Engine/Content/Internationalization/icudt64l/lang/id.res" 1275
"../../../Engine/Content/Internationalization/icudt64l/lang/id_ID.res" 1276
"../../../Engine/Content/Internationalization/icudt64l/region/id_ID.res" 1277
"../../../Engine/Content/Internationalization/icudt64l/region/id.res" 1278
"../../../Engine/Content/Internationalization/icudt64l/lang/ig.res" 1279
"../../../Engine/Content/Internationalization/icudt64l/region/ig.res" 1280
"../../../Engine/Content/Internationalization/icudt64l/lang/ii.res" 1281
"../../../Engine/Content/Internationalization/icudt64l/region/ii.res" 1282
"../../../Engine/Content/Internationalization/icudt64l/lang/is.res" 1283
"../../../Engine/Content/Internationalization/icudt64l/region/is.res" 1284
"../../../Engine/Content/Internationalization/icudt64l/lang/it.res" 1285
"../../../Engine/Content/Internationalization/icudt64l/region/it.res" 1286
"../../../Engine/Content/Internationalization/icudt64l/lang/ja.res" 1287
"../../../Engine/Content/Internationalization/icudt64l/lang/ja_JP.res" 1288
"../../../Engine/Content/Internationalization/icudt64l/region/ja_JP.res" 1289
"../../../Engine/Content/Internationalization/icudt64l/region/ja.res" 1290
"../../../Engine/Content/Internationalization/icudt64l/lang/jgo.res" 1291
"../../../Engine/Content/Internationalization/icudt64l/region/jgo.res" 1292
"../../../Engine/Content/Internationalization/icudt64l/lang/jmc.res" 1293
"../../../Engine/Content/Internationalization/icudt64l/region/jmc.res" 1294
"../../../Engine/Content/Internationalization/icudt64l/lang/jv.res" 1295
"../../../Engine/Content/Internationalization/icudt64l/region/jv.res" 1296
"../../../Engine/Content/Internationalization/icudt64l/lang/ka.res" 1297
"../../../Engine/Content/Internationalization/icudt64l/region/ka.res" 1298
"../../../Engine/Content/Internationalization/icudt64l/lang/kab.res" 1299
"../../../Engine/Content/Internationalization/icudt64l/region/kab.res" 1300
"../../../Engine/Content/Internationalization/icudt64l/lang/kam.res" 1301
"../../../Engine/Content/Internationalization/icudt64l/region/kam.res" 1302
"../../../Engine/Content/Internationalization/icudt64l/lang/kde.res" 1303
"../../../Engine/Content/Internationalization/icudt64l/region/kde.res" 1304
"../../../Engine/Content/Internationalization/icudt64l/lang/kea.res" 1305
"../../../Engine/Content/Internationalization/icudt64l/region/kea.res" 1306
"../../../Engine/Content/Internationalization/icudt64l/lang/khq.res" 1307
"../../../Engine/Content/Internationalization/icudt64l/region/khq.res" 1308
"../../../Engine/Content/Internationalization/icudt64l/lang/ki.res" 1309
"../../../Engine/Content/Internationalization/icudt64l/region/ki.res" 1310
"../../../Engine/Content/Internationalization/icudt64l/lang/kk.res" 1311
"../../../Engine/Content/Internationalization/icudt64l/region/kk.res" 1312
"../../../Engine/Content/Internationalization/icudt64l/lang/kkj.res" 1313
"../../../Engine/Content/Internationalization/icudt64l/region/kkj.res" 1314
"../../../Engine/Content/Internationalization/icudt64l/lang/kl.res" 1315
"../../../Engine/Content/Internationalization/icudt64l/region/kl.res" 1316
"../../../Engine/Content/Internationalization/icudt64l/lang/kln.res" 1317
"../../../Engine/Content/Internationalization/icudt64l/region/kln.res" 1318
"../../../Engine/Content/Internationalization/icudt64l/lang/km.res" 1319
"../../../Engine/Content/Internationalization/icudt64l/region/km.res" 1320
"../../../Engine/Content/Internationalization/icudt64l/lang/kn.res" 1321
"../../../Engine/Content/Internationalization/icudt64l/region/kn.res" 1322
"../../../Engine/Content/Internationalization/icudt64l/region/ko_KP.res" 1323
"../../../Engine/Content/Internationalization/icudt64l/lang/kok.res" 1324
"../../../Engine/Content/Internationalization/icudt64l/region/kok.res" 1325
"../../../Engine/Content/Internationalization/icudt64l/lang/ks.res" 1326
"../../../Engine/Content/Internationalization/icudt64l/region/ks.res" 1327
"../../../Engine/Content/Internationalization/icudt64l/lang/ksb.res" 1328
"../../../Engine/Content/Internationalization/icudt64l/region/ksb.res" 1329
"../../../Engine/Content/Internationalization/icudt64l/lang/ksf.res" 1330
"../../../Engine/Content/Internationalization/icudt64l/region/ksf.res" 1331
"../../../Engine/Content/Internationalization/icudt64l/lang/ksh.res" 1332
"../../../Engine/Content/Internationalization/icudt64l/region/ksh.res" 1333
"../../../Engine/Content/Internationalization/icudt64l/lang/ku.res" 1334
"../../../Engine/Content/Internationalization/icudt64l/region/ku.res" 1335
"../../../Engine/Content/Internationalization/icudt64l/lang/kw.res" 1336
"../../../Engine/Content/Internationalization/icudt64l/region/kw.res" 1337
"../../../Engine/Content/Internationalization/icudt64l/lang/ky.res" 1338
"../../../Engine/Content/Internationalization/icudt64l/region/ky.res" 1339
"../../../Engine/Content/Internationalization/icudt64l/lang/lag.res" 1340
"../../../Engine/Content/Internationalization/icudt64l/region/lag.res" 1341
"../../../Engine/Content/Internationalization/icudt64l/lang/lb.res" 1342
"../../../Engine/Content/Internationalization/icudt64l/region/lb.res" 1343
"../../../Engine/Content/Internationalization/icudt64l/lang/lg.res" 1344
"../../../Engine/Content/Internationalization/icudt64l/region/lg.res" 1345
"../../../Engine/Content/Internationalization/icudt64l/lang/lkt.res" 1346
"../../../Engine/Content/Internationalization/icudt64l/region/lkt.res" 1347
"../../../Engine/Content/Internationalization/icudt64l/lang/ln.res" 1348
"../../../Engine/Content/Internationalization/icudt64l/region/ln.res" 1349
"../../../Engine/Content/Internationalization/icudt64l/lang/lo.res" 1350
"../../../Engine/Content/Internationalization/icudt64l/region/lo.res" 1351
"../../../Engine/Content/Internationalization/icudt64l/lang/lrc.res" 1352
"../../../Engine/Content/Internationalization/icudt64l/region/lrc.res" 1353
"../../../Engine/Content/Internationalization/icudt64l/lang/lt.res" 1354
"../../../Engine/Content/Internationalization/icudt64l/region/lt.res" 1355
"../../../Engine/Content/Internationalization/icudt64l/lang/lu.res" 1356
"../../../Engine/Content/Internationalization/icudt64l/region/lu.res" 1357
"../../../Engine/Content/Internationalization/icudt64l/lang/luo.res" 1358
"../../../Engine/Content/Internationalization/icudt64l/region/luo.res" 1359
"../../../Engine/Content/Internationalization/icudt64l/lang/luy.res" 1360
"../../../Engine/Content/Internationalization/icudt64l/region/luy.res" 1361
"../../../Engine/Content/Internationalization/icudt64l/lang/lv.res" 1362
"../../../Engine/Content/Internationalization/icudt64l/region/lv.res" 1363
"../../../Engine/Content/Internationalization/icudt64l/lang/mas.res" 1364
"../../../Engine/Content/Internationalization/icudt64l/region/mas.res" 1365
"../../../Engine/Content/Internationalization/icudt64l/lang/mer.res" 1366
"../../../Engine/Content/Internationalization/icudt64l/region/mer.res" 1367
"../../../Engine/Content/Internationalization/icudt64l/lang/mfe.res" 1368
"../../../Engine/Content/Internationalization/icudt64l/region/mfe.res" 1369
"../../../Engine/Content/Internationalization/icudt64l/lang/mg.res" 1370
"../../../Engine/Content/Internationalization/icudt64l/region/mg.res" 1371
"../../../Engine/Content/Internationalization/icudt64l/lang/mgh.res" 1372
"../../../Engine/Content/Internationalization/icudt64l/region/mgh.res" 1373
"../../../Engine/Content/Internationalization/icudt64l/lang/mgo.res" 1374
"../../../Engine/Content/Internationalization/icudt64l/region/mgo.res" 1375
"../../../Engine/Content/Internationalization/icudt64l/lang/mi.res" 1376
"../../../Engine/Content/Internationalization/icudt64l/region/mi.res" 1377
"../../../Engine/Content/Internationalization/icudt64l/lang/mk.res" 1378
"../../../Engine/Content/Internationalization/icudt64l/region/mk.res" 1379
"../../../Engine/Content/Internationalization/icudt64l/lang/ml.res" 1380
"../../../Engine/Content/Internationalization/icudt64l/region/ml.res" 1381
"../../../Engine/Content/Internationalization/icudt64l/lang/mn.res" 1382
"../../../Engine/Content/Internationalization/icudt64l/region/mn.res" 1383
"../../../Engine/Content/Internationalization/icudt64l/lang/mr.res" 1384
"../../../Engine/Content/Internationalization/icudt64l/region/mr.res" 1385
"../../../Engine/Content/Internationalization/icudt64l/lang/ms.res" 1386
"../../../Engine/Content/Internationalization/icudt64l/region/ms.res" 1387
"../../../Engine/Content/Internationalization/icudt64l/lang/mt.res" 1388
"../../../Engine/Content/Internationalization/icudt64l/region/mt.res" 1389
"../../../Engine/Content/Internationalization/icudt64l/lang/mua.res" 1390
"../../../Engine/Content/Internationalization/icudt64l/region/mua.res" 1391
"../../../Engine/Content/Internationalization/icudt64l/lang/my.res" 1392
"../../../Engine/Content/Internationalization/icudt64l/region/my.res" 1393
"../../../Engine/Content/Internationalization/icudt64l/lang/mzn.res" 1394
"../../../Engine/Content/Internationalization/icudt64l/region/mzn.res" 1395
"../../../Engine/Content/Internationalization/icudt64l/lang/naq.res" 1396
"../../../Engine/Content/Internationalization/icudt64l/region/naq.res" 1397
"../../../Engine/Content/Internationalization/icudt64l/lang/nb.res" 1398
"../../../Engine/Content/Internationalization/icudt64l/lang/nb_NO.res" 1399
"../../../Engine/Content/Internationalization/icudt64l/region/nb_NO.res" 1400
"../../../Engine/Content/Internationalization/icudt64l/region/nb.res" 1401
"../../../Engine/Content/Internationalization/icudt64l/lang/nd.res" 1402
"../../../Engine/Content/Internationalization/icudt64l/region/nd.res" 1403
"../../../Engine/Content/Internationalization/icudt64l/lang/nds.res" 1404
"../../../Engine/Content/Internationalization/icudt64l/region/nds.res" 1405
"../../../Engine/Content/Internationalization/icudt64l/lang/ne.res" 1406
"../../../Engine/Content/Internationalization/icudt64l/region/ne.res" 1407
"../../../Engine/Content/Internationalization/icudt64l/lang/nl.res" 1408
"../../../Engine/Content/Internationalization/icudt64l/region/nl.res" 1409
"../../../Engine/Content/Internationalization/icudt64l/lang/nmg.res" 1410
"../../../Engine/Content/Internationalization/icudt64l/region/nmg.res" 1411
"../../../Engine/Content/Internationalization/icudt64l/lang/nn.res" 1412
"../../../Engine/Content/Internationalization/icudt64l/lang/nn_NO.res" 1413
"../../../Engine/Content/Internationalization/icudt64l/region/nn_NO.res" 1414
"../../../Engine/Content/Internationalization/icudt64l/region/nn.res" 1415
"../../../Engine/Content/Internationalization/icudt64l/lang/nnh.res" 1416
"../../../Engine/Content/Internationalization/icudt64l/region/nnh.res" 1417
"../../../Engine/Content/Internationalization/icudt64l/lang/nus.res" 1418
"../../../Engine/Content/Internationalization/icudt64l/region/nus.res" 1419
"../../../Engine/Content/Internationalization/icudt64l/lang/nyn.res" 1420
"../../../Engine/Content/Internationalization/icudt64l/region/nyn.res" 1421
"../../../Engine/Content/Internationalization/icudt64l/lang/om.res" 1422
"../../../Engine/Content/Internationalization/icudt64l/region/om.res" 1423
"../../../Engine/Content/Internationalization/icudt64l/lang/or.res" 1424
"../../../Engine/Content/Internationalization/icudt64l/region/or.res" 1425
"../../../Engine/Content/Internationalization/icudt64l/lang/os.res" 1426
"../../../Engine/Content/Internationalization/icudt64l/region/os.res" 1427
"../../../Engine/Content/Internationalization/icudt64l/lang/pa.res" 1428
"../../../Engine/Content/Internationalization/icudt64l/lang/pa_Arab.res" 1429
"../../../Engine/Content/Internationalization/icudt64l/lang/pa_PK.res" 1430
"../../../Engine/Content/Internationalization/icudt64l/lang/pa_Arab_PK.res" 1431
"../../../Engine/Content/Internationalization/icudt64l/region/pa_PK.res" 1432
"../../../Engine/Content/Internationalization/icudt64l/region/pa_Arab_PK.res" 1433
"../../../Engine/Content/Internationalization/icudt64l/region/pa_Arab.res" 1434
"../../../Engine/Content/Internationalization/icudt64l/lang/pa_Guru.res" 1435
"../../../Engine/Content/Internationalization/icudt64l/lang/pa_IN.res" 1436
"../../../Engine/Content/Internationalization/icudt64l/lang/pa_Guru_IN.res" 1437
"../../../Engine/Content/Internationalization/icudt64l/region/pa_IN.res" 1438
"../../../Engine/Content/Internationalization/icudt64l/region/pa_Guru_IN.res" 1439
"../../../Engine/Content/Internationalization/icudt64l/region/pa_Guru.res" 1440
"../../../Engine/Content/Internationalization/icudt64l/region/pa.res" 1441
"../../../Engine/Content/Internationalization/icudt64l/lang/pl.res" 1442
"../../../Engine/Content/Internationalization/icudt64l/region/pl.res" 1443
"../../../Engine/Content/Internationalization/icudt64l/lang/ps.res" 1444
"../../../Engine/Content/Internationalization/icudt64l/region/ps.res" 1445
"../../../Engine/Content/Internationalization/icudt64l/lang/ps_PK.res" 1446
"../../../Engine/Content/Internationalization/icudt64l/region/ps_PK.res" 1447
"../../../Engine/Content/Internationalization/icudt64l/lang/pt.res" 1448
"../../../Engine/Content/Internationalization/icudt64l/lang/pt_AO.res" 1449
"../../../Engine/Content/Internationalization/icudt64l/lang/pt_PT.res" 1450
"../../../Engine/Content/Internationalization/icudt64l/region/pt_AO.res" 1451
"../../../Engine/Content/Internationalization/icudt64l/region/pt_PT.res" 1452
"../../../Engine/Content/Internationalization/icudt64l/region/pt.res" 1453
"../../../Engine/Content/Internationalization/icudt64l/lang/pt_CH.res" 1454
"../../../Engine/Content/Internationalization/icudt64l/region/pt_CH.res" 1455
"../../../Engine/Content/Internationalization/icudt64l/lang/pt_CV.res" 1456
"../../../Engine/Content/Internationalization/icudt64l/region/pt_CV.res" 1457
"../../../Engine/Content/Internationalization/icudt64l/lang/pt_GQ.res" 1458
"../../../Engine/Content/Internationalization/icudt64l/region/pt_GQ.res" 1459
"../../../Engine/Content/Internationalization/icudt64l/lang/pt_GW.res" 1460
"../../../Engine/Content/Internationalization/icudt64l/region/pt_GW.res" 1461
"../../../Engine/Content/Internationalization/icudt64l/lang/pt_LU.res" 1462
"../../../Engine/Content/Internationalization/icudt64l/region/pt_LU.res" 1463
"../../../Engine/Content/Internationalization/icudt64l/lang/pt_MO.res" 1464
"../../../Engine/Content/Internationalization/icudt64l/region/pt_MO.res" 1465
"../../../Engine/Content/Internationalization/icudt64l/lang/pt_MZ.res" 1466
"../../../Engine/Content/Internationalization/icudt64l/region/pt_MZ.res" 1467
"../../../Engine/Content/Internationalization/icudt64l/lang/pt_ST.res" 1468
"../../../Engine/Content/Internationalization/icudt64l/region/pt_ST.res" 1469
"../../../Engine/Content/Internationalization/icudt64l/lang/pt_TL.res" 1470
"../../../Engine/Content/Internationalization/icudt64l/region/pt_TL.res" 1471
"../../../Engine/Content/Internationalization/icudt64l/lang/qu.res" 1472
"../../../Engine/Content/Internationalization/icudt64l/region/qu.res" 1473
"../../../Engine/Content/Internationalization/icudt64l/lang/rm.res" 1474
"../../../Engine/Content/Internationalization/icudt64l/region/rm.res" 1475
"../../../Engine/Content/Internationalization/icudt64l/lang/rn.res" 1476
"../../../Engine/Content/Internationalization/icudt64l/region/rn.res" 1477
"../../../Engine/Content/Internationalization/icudt64l/lang/ro.res" 1478
"../../../Engine/Content/Internationalization/icudt64l/lang/ro_MD.res" 1479
"../../../Engine/Content/Internationalization/icudt64l/region/ro_MD.res" 1480
"../../../Engine/Content/Internationalization/icudt64l/region/ro.res" 1481
"../../../Engine/Content/Internationalization/icudt64l/lang/rof.res" 1482
"../../../Engine/Content/Internationalization/icudt64l/region/rof.res" 1483
"../../../Engine/Content/Internationalization/icudt64l/lang/ru.res" 1484
"../../../Engine/Content/Internationalization/icudt64l/region/ru.res" 1485
"../../../Engine/Content/Internationalization/icudt64l/region/ru_UA.res" 1486
"../../../Engine/Content/Internationalization/icudt64l/lang/rw.res" 1487
"../../../Engine/Content/Internationalization/icudt64l/region/rw.res" 1488
"../../../Engine/Content/Internationalization/icudt64l/lang/rwk.res" 1489
"../../../Engine/Content/Internationalization/icudt64l/region/rwk.res" 1490
"../../../Engine/Content/Internationalization/icudt64l/lang/sah.res" 1491
"../../../Engine/Content/Internationalization/icudt64l/region/sah.res" 1492
"../../../Engine/Content/Internationalization/icudt64l/lang/saq.res" 1493
"../../../Engine/Content/Internationalization/icudt64l/region/saq.res" 1494
"../../../Engine/Content/Internationalization/icudt64l/lang/sbp.res" 1495
"../../../Engine/Content/Internationalization/icudt64l/region/sbp.res" 1496
"../../../Engine/Content/Internationalization/icudt64l/lang/sd.res" 1497
"../../../Engine/Content/Internationalization/icudt64l/region/sd.res" 1498
"../../../Engine/Content/Internationalization/icudt64l/lang/se.res" 1499
"../../../Engine/Content/Internationalization/icudt64l/lang/se_FI.res" 1500
"../../../Engine/Content/Internationalization/icudt64l/region/se_FI.res" 1501
"../../../Engine/Content/Internationalization/icudt64l/region/se.res" 1502
"../../../Engine/Content/Internationalization/icudt64l/lang/seh.res" 1503
"../../../Engine/Content/Internationalization/icudt64l/region/seh.res" 1504
"../../../Engine/Content/Internationalization/icudt64l/lang/ses.res" 1505
"../../../Engine/Content/Internationalization/icudt64l/region/ses.res" 1506
"../../../Engine/Content/Internationalization/icudt64l/lang/sg.res" 1507
"../../../Engine/Content/Internationalization/icudt64l/region/sg.res" 1508
"../../../Engine/Content/Internationalization/icudt64l/lang/shi.res" 1509
"../../../Engine/Content/Internationalization/icudt64l/lang/shi_Latn.res" 1510
"../../../Engine/Content/Internationalization/icudt64l/lang/shi_MA.res" 1511
"../../../Engine/Content/Internationalization/icudt64l/lang/shi_Tfng_MA.res" 1512
"../../../Engine/Content/Internationalization/icudt64l/lang/shi_Tfng.res" 1513
"../../../Engine/Content/Internationalization/icudt64l/region/shi_MA.res" 1514
"../../../Engine/Content/Internationalization/icudt64l/region/shi_Tfng_MA.res" 1515
"../../../Engine/Content/Internationalization/icudt64l/region/shi_Tfng.res" 1516
"../../../Engine/Content/Internationalization/icudt64l/region/shi.res" 1517
"../../../Engine/Content/Internationalization/icudt64l/region/shi_Latn.res" 1518
"../../../Engine/Content/Internationalization/icudt64l/lang/si.res" 1519
"../../../Engine/Content/Internationalization/icudt64l/region/si.res" 1520
"../../../Engine/Content/Internationalization/icudt64l/lang/sk.res" 1521
"../../../Engine/Content/Internationalization/icudt64l/region/sk.res" 1522
"../../../Engine/Content/Internationalization/icudt64l/lang/sl.res" 1523
"../../../Engine/Content/Internationalization/icudt64l/region/sl.res" 1524
"../../../Engine/Content/Internationalization/icudt64l/lang/smn.res" 1525
"../../../Engine/Content/Internationalization/icudt64l/region/smn.res" 1526
"../../../Engine/Content/Internationalization/icudt64l/lang/sn.res" 1527
"../../../Engine/Content/Internationalization/icudt64l/region/sn.res" 1528
"../../../Engine/Content/Internationalization/icudt64l/lang/so.res" 1529
"../../../Engine/Content/Internationalization/icudt64l/region/so.res" 1530
"../../../Engine/Content/Internationalization/icudt64l/lang/sq.res" 1531
"../../../Engine/Content/Internationalization/icudt64l/region/sq.res" 1532
"../../../Engine/Content/Internationalization/icudt64l/lang/sr.res" 1533
"../../../Engine/Content/Internationalization/icudt64l/lang/sr_Cyrl.res" 1534
"../../../Engine/Content/Internationalization/icudt64l/lang/sr_BA.res" 1535
"../../../Engine/Content/Internationalization/icudt64l/lang/sr_Cyrl_BA.res" 1536
"../../../Engine/Content/Internationalization/icudt64l/region/sr_BA.res" 1537
"../../../Engine/Content/Internationalization/icudt64l/region/sr_Cyrl_BA.res" 1538
"../../../Engine/Content/Internationalization/icudt64l/region/sr_Cyrl.res" 1539
"../../../Engine/Content/Internationalization/icudt64l/region/sr.res" 1540
"../../../Engine/Content/Internationalization/icudt64l/lang/sr_ME.res" 1541
"../../../Engine/Content/Internationalization/icudt64l/lang/sr_Latn_ME.res" 1542
"../../../Engine/Content/Internationalization/icudt64l/lang/sr_Latn.res" 1543
"../../../Engine/Content/Internationalization/icudt64l/region/sr_ME.res" 1544
"../../../Engine/Content/Internationalization/icudt64l/region/sr_Latn_ME.res" 1545
"../../../Engine/Content/Internationalization/icudt64l/region/sr_Latn.res" 1546
"../../../Engine/Content/Internationalization/icudt64l/lang/sr_Cyrl_ME.res" 1547
"../../../Engine/Content/Internationalization/icudt64l/region/sr_Cyrl_ME.res" 1548
"../../../Engine/Content/Internationalization/icudt64l/lang/sr_RS.res" 1549
"../../../Engine/Content/Internationalization/icudt64l/lang/sr_Cyrl_RS.res" 1550
"../../../Engine/Content/Internationalization/icudt64l/region/sr_RS.res" 1551
"../../../Engine/Content/Internationalization/icudt64l/region/sr_Cyrl_RS.res" 1552
"../../../Engine/Content/Internationalization/icudt64l/lang/sr_XK.res" 1553
"../../../Engine/Content/Internationalization/icudt64l/lang/sr_Cyrl_XK.res" 1554
"../../../Engine/Content/Internationalization/icudt64l/region/sr_XK.res" 1555
"../../../Engine/Content/Internationalization/icudt64l/region/sr_Cyrl_XK.res" 1556
"../../../Engine/Content/Internationalization/icudt64l/lang/sr_Latn_BA.res" 1557
"../../../Engine/Content/Internationalization/icudt64l/region/sr_Latn_BA.res" 1558
"../../../Engine/Content/Internationalization/icudt64l/lang/sr_Latn_RS.res" 1559
"../../../Engine/Content/Internationalization/icudt64l/region/sr_Latn_RS.res" 1560
"../../../Engine/Content/Internationalization/icudt64l/lang/sr_Latn_XK.res" 1561
"../../../Engine/Content/Internationalization/icudt64l/region/sr_Latn_XK.res" 1562
"../../../Engine/Content/Internationalization/icudt64l/lang/sv.res" 1563
"../../../Engine/Content/Internationalization/icudt64l/region/sv.res" 1564
"../../../Engine/Content/Internationalization/icudt64l/lang/sv_FI.res" 1565
"../../../Engine/Content/Internationalization/icudt64l/lang/sw.res" 1566
"../../../Engine/Content/Internationalization/icudt64l/lang/sw_CD.res" 1567
"../../../Engine/Content/Internationalization/icudt64l/region/sw_CD.res" 1568
"../../../Engine/Content/Internationalization/icudt64l/region/sw.res" 1569
"../../../Engine/Content/Internationalization/icudt64l/lang/sw_KE.res" 1570
"../../../Engine/Content/Internationalization/icudt64l/region/sw_KE.res" 1571
"../../../Engine/Content/Internationalization/icudt64l/lang/ta.res" 1572
"../../../Engine/Content/Internationalization/icudt64l/region/ta.res" 1573
"../../../Engine/Content/Internationalization/icudt64l/lang/te.res" 1574
"../../../Engine/Content/Internationalization/icudt64l/region/te.res" 1575
"../../../Engine/Content/Internationalization/icudt64l/lang/teo.res" 1576
"../../../Engine/Content/Internationalization/icudt64l/region/teo.res" 1577
"../../../Engine/Content/Internationalization/icudt64l/lang/tg.res" 1578
"../../../Engine/Content/Internationalization/icudt64l/region/tg.res" 1579
"../../../Engine/Content/Internationalization/icudt64l/lang/th.res" 1580
"../../../Engine/Content/Internationalization/icudt64l/lang/th_TH.res" 1581
"../../../Engine/Content/Internationalization/icudt64l/region/th_TH.res" 1582
"../../../Engine/Content/Internationalization/icudt64l/region/th.res" 1583
"../../../Engine/Content/Internationalization/icudt64l/lang/ti.res" 1584
"../../../Engine/Content/Internationalization/icudt64l/region/ti.res" 1585
"../../../Engine/Content/Internationalization/icudt64l/lang/tk.res" 1586
"../../../Engine/Content/Internationalization/icudt64l/region/tk.res" 1587
"../../../Engine/Content/Internationalization/icudt64l/lang/to.res" 1588
"../../../Engine/Content/Internationalization/icudt64l/region/to.res" 1589
"../../../Engine/Content/Internationalization/icudt64l/lang/tr.res" 1590
"../../../Engine/Content/Internationalization/icudt64l/region/tr.res" 1591
"../../../Engine/Content/Internationalization/icudt64l/lang/tt.res" 1592
"../../../Engine/Content/Internationalization/icudt64l/region/tt.res" 1593
"../../../Engine/Content/Internationalization/icudt64l/lang/twq.res" 1594
"../../../Engine/Content/Internationalization/icudt64l/region/twq.res" 1595
"../../../Engine/Content/Internationalization/icudt64l/lang/tzm.res" 1596
"../../../Engine/Content/Internationalization/icudt64l/region/tzm.res" 1597
"../../../Engine/Content/Internationalization/icudt64l/lang/ug.res" 1598
"../../../Engine/Content/Internationalization/icudt64l/region/ug.res" 1599
"../../../Engine/Content/Internationalization/icudt64l/lang/uk.res" 1600
"../../../Engine/Content/Internationalization/icudt64l/region/uk.res" 1601
"../../../Engine/Content/Internationalization/icudt64l/lang/ur.res" 1602
"../../../Engine/Content/Internationalization/icudt64l/lang/ur_IN.res" 1603
"../../../Engine/Content/Internationalization/icudt64l/region/ur_IN.res" 1604
"../../../Engine/Content/Internationalization/icudt64l/region/ur.res" 1605
"../../../Engine/Content/Internationalization/icudt64l/lang/uz.res" 1606
"../../../Engine/Content/Internationalization/icudt64l/lang/uz_Arab.res" 1607
"../../../Engine/Content/Internationalization/icudt64l/lang/uz_AF.res" 1608
"../../../Engine/Content/Internationalization/icudt64l/lang/uz_Arab_AF.res" 1609
"../../../Engine/Content/Internationalization/icudt64l/region/uz_AF.res" 1610
"../../../Engine/Content/Internationalization/icudt64l/region/uz_Arab_AF.res" 1611
"../../../Engine/Content/Internationalization/icudt64l/region/uz_Arab.res" 1612
"../../../Engine/Content/Internationalization/icudt64l/lang/uz_Cyrl.res" 1613
"../../../Engine/Content/Internationalization/icudt64l/lang/uz_UZ.res" 1614
"../../../Engine/Content/Internationalization/icudt64l/lang/uz_Latn_UZ.res" 1615
"../../../Engine/Content/Internationalization/icudt64l/lang/uz_Latn.res" 1616
"../../../Engine/Content/Internationalization/icudt64l/region/uz_UZ.res" 1617
"../../../Engine/Content/Internationalization/icudt64l/region/uz_Latn_UZ.res" 1618
"../../../Engine/Content/Internationalization/icudt64l/region/uz_Latn.res" 1619
"../../../Engine/Content/Internationalization/icudt64l/region/uz.res" 1620
"../../../Engine/Content/Internationalization/icudt64l/region/uz_Cyrl.res" 1621
"../../../Engine/Content/Internationalization/icudt64l/lang/vai.res" 1622
"../../../Engine/Content/Internationalization/icudt64l/lang/vai_Latn.res" 1623
"../../../Engine/Content/Internationalization/icudt64l/lang/vai_LR.res" 1624
"../../../Engine/Content/Internationalization/icudt64l/lang/vai_Vaii_LR.res" 1625
"../../../Engine/Content/Internationalization/icudt64l/lang/vai_Vaii.res" 1626
"../../../Engine/Content/Internationalization/icudt64l/region/vai_LR.res" 1627
"../../../Engine/Content/Internationalization/icudt64l/region/vai_Vaii_LR.res" 1628
"../../../Engine/Content/Internationalization/icudt64l/region/vai_Vaii.res" 1629
"../../../Engine/Content/Internationalization/icudt64l/region/vai.res" 1630
"../../../Engine/Content/Internationalization/icudt64l/region/vai_Latn.res" 1631
"../../../Engine/Content/Internationalization/icudt64l/lang/vi.res" 1632
"../../../Engine/Content/Internationalization/icudt64l/region/vi.res" 1633
"../../../Engine/Content/Internationalization/icudt64l/lang/vun.res" 1634
"../../../Engine/Content/Internationalization/icudt64l/region/vun.res" 1635
"../../../Engine/Content/Internationalization/icudt64l/lang/wae.res" 1636
"../../../Engine/Content/Internationalization/icudt64l/region/wae.res" 1637
"../../../Engine/Content/Internationalization/icudt64l/lang/wo.res" 1638
"../../../Engine/Content/Internationalization/icudt64l/region/wo.res" 1639
"../../../Engine/Content/Internationalization/icudt64l/lang/xh.res" 1640
"../../../Engine/Content/Internationalization/icudt64l/region/xh.res" 1641
"../../../Engine/Content/Internationalization/icudt64l/lang/xog.res" 1642
"../../../Engine/Content/Internationalization/icudt64l/region/xog.res" 1643
"../../../Engine/Content/Internationalization/icudt64l/lang/yav.res" 1644
"../../../Engine/Content/Internationalization/icudt64l/region/yav.res" 1645
"../../../Engine/Content/Internationalization/icudt64l/lang/yi.res" 1646
"../../../Engine/Content/Internationalization/icudt64l/region/yi.res" 1647
"../../../Engine/Content/Internationalization/icudt64l/lang/yo.res" 1648
"../../../Engine/Content/Internationalization/icudt64l/lang/yo_BJ.res" 1649
"../../../Engine/Content/Internationalization/icudt64l/region/yo_BJ.res" 1650
"../../../Engine/Content/Internationalization/icudt64l/region/yo.res" 1651
"../../../Engine/Content/Internationalization/icudt64l/lang/yue.res" 1652
"../../../Engine/Content/Internationalization/icudt64l/lang/yue_Hans.res" 1653
"../../../Engine/Content/Internationalization/icudt64l/lang/yue_CN.res" 1654
"../../../Engine/Content/Internationalization/icudt64l/lang/yue_Hans_CN.res" 1655
"../../../Engine/Content/Internationalization/icudt64l/region/yue_CN.res" 1656
"../../../Engine/Content/Internationalization/icudt64l/region/yue_Hans_CN.res" 1657
"../../../Engine/Content/Internationalization/icudt64l/region/yue_Hans.res" 1658
"../../../Engine/Content/Internationalization/icudt64l/lang/yue_Hant.res" 1659
"../../../Engine/Content/Internationalization/icudt64l/lang/yue_HK.res" 1660
"../../../Engine/Content/Internationalization/icudt64l/lang/yue_Hant_HK.res" 1661
"../../../Engine/Content/Internationalization/icudt64l/region/yue_HK.res" 1662
"../../../Engine/Content/Internationalization/icudt64l/region/yue_Hant_HK.res" 1663
"../../../Engine/Content/Internationalization/icudt64l/region/yue_Hant.res" 1664
"../../../Engine/Content/Internationalization/icudt64l/region/yue.res" 1665
"../../../Engine/Content/Internationalization/icudt64l/lang/zgh.res" 1666
"../../../Engine/Content/Internationalization/icudt64l/region/zgh.res" 1667
"../../../Engine/Content/Internationalization/icudt64l/lang/zh.res" 1668
"../../../Engine/Content/Internationalization/icudt64l/lang/zh_Hans.res" 1669
"../../../Engine/Content/Internationalization/icudt64l/lang/zh_CN.res" 1670
"../../../Engine/Content/Internationalization/icudt64l/lang/zh_Hans_CN.res" 1671
"../../../Engine/Content/Internationalization/icudt64l/region/zh_CN.res" 1672
"../../../Engine/Content/Internationalization/icudt64l/region/zh_Hans_CN.res" 1673
"../../../Engine/Content/Internationalization/icudt64l/region/zh_Hans.res" 1674
"../../../Engine/Content/Internationalization/icudt64l/region/zh.res" 1675
"../../../Engine/Content/Internationalization/icudt64l/lang/zh_HK.res" 1676
"../../../Engine/Content/Internationalization/icudt64l/lang/zh_Hant_HK.res" 1677
"../../../Engine/Content/Internationalization/icudt64l/lang/zh_Hant.res" 1678
"../../../Engine/Content/Internationalization/icudt64l/region/zh_HK.res" 1679
"../../../Engine/Content/Internationalization/icudt64l/region/zh_Hant_HK.res" 1680
"../../../Engine/Content/Internationalization/icudt64l/region/zh_Hant.res" 1681
"../../../Engine/Content/Internationalization/icudt64l/lang/zh_MO.res" 1682
"../../../Engine/Content/Internationalization/icudt64l/lang/zh_Hant_MO.res" 1683
"../../../Engine/Content/Internationalization/icudt64l/region/zh_MO.res" 1684
"../../../Engine/Content/Internationalization/icudt64l/region/zh_Hant_MO.res" 1685
"../../../Engine/Content/Internationalization/icudt64l/lang/zh_SG.res" 1686
"../../../Engine/Content/Internationalization/icudt64l/lang/zh_Hans_SG.res" 1687
"../../../Engine/Content/Internationalization/icudt64l/region/zh_SG.res" 1688
"../../../Engine/Content/Internationalization/icudt64l/region/zh_Hans_SG.res" 1689
"../../../Engine/Content/Internationalization/icudt64l/lang/zh_TW.res" 1690
"../../../Engine/Content/Internationalization/icudt64l/lang/zh_Hant_TW.res" 1691
"../../../Engine/Content/Internationalization/icudt64l/region/zh_TW.res" 1692
"../../../Engine/Content/Internationalization/icudt64l/region/zh_Hant_TW.res" 1693
"../../../Engine/Content/Internationalization/icudt64l/lang/zu.res" 1694
"../../../Engine/Content/Internationalization/icudt64l/region/zu.res" 1695
"../../../Engine/Content/Internationalization/icudt64l/lang/no.res" 1696
"../../../Engine/Content/Internationalization/icudt64l/lang/tl.res" 1697
"../../../Engine/Config/Android/DataDrivenPlatformInfo.ini" 1698
"../../../Engine/Config/IOS/DataDrivenPlatformInfo.ini" 1699
"../../../Engine/Config/Linux/DataDrivenPlatformInfo.ini" 1700
"../../../Engine/Config/LinuxArm64/DataDrivenPlatformInfo.ini" 1701
"../../../Engine/Config/Mac/DataDrivenPlatformInfo.ini" 1702
"../../../Engine/Config/TVOS/DataDrivenPlatformInfo.ini" 1703
"../../../Engine/Config/Unix/DataDrivenPlatformInfo.ini" 1704
"../../../Engine/Config/VulkanPC/DataDrivenPlatformInfo.ini" 1705
"../../../Engine/Config/Windows/DataDrivenPlatformInfo.ini" 1706
"../../../Engine/DerivedDataCache/Compressed.ddp" 1707
"C:/Users/???/AppData/Local/UnrealEngine/Common/DerivedDataCache/TestData/0/TestData_4kb.dat" 1708
"C:/Users/???/AppData/Local/UnrealEngine/Common/DerivedDataCache/TestData/1/TestData_4kb.dat" 1709
"C:/Users/???/AppData/Local/UnrealEngine/Common/DerivedDataCache/TestData/0/TestData_8kb.dat" 1710
"C:/Users/???/AppData/Local/UnrealEngine/Common/DerivedDataCache/TestData/1/TestData_8kb.dat" 1711
"C:/Users/???/AppData/Local/UnrealEngine/Common/DerivedDataCache/TestData/0/TestData_16kb.dat" 1712
"C:/Users/???/AppData/Local/UnrealEngine/Common/DerivedDataCache/TestData/1/TestData_16kb.dat" 1713
"C:/Users/???/AppData/Local/UnrealEngine/Common/DerivedDataCache/TestData/0/TestData_64kb.dat" 1714
"C:/Users/???/AppData/Local/UnrealEngine/Common/DerivedDataCache/TestData/1/TestData_64kb.dat" 1715
"C:/Users/???/AppData/Local/UnrealEngine/Common/DerivedDataCache/TestData/0/TestData_128kb.dat" 1716
"C:/Users/???/AppData/Local/UnrealEngine/Common/DerivedDataCache/TestData/1/TestData_128kb.dat" 1717
"C:/Users/???/AppData/Local/UnrealEngine/Common/DerivedDataCache/TestData/0/TestData_256kb.dat" 1718
"C:/Users/???/AppData/Local/UnrealEngine/Common/DerivedDataCache/TestData/1/TestData_256kb.dat" 1719
"../../../Engine/Plugins/FX/Niagara/Shaders/Private/NiagaraSpriteVertexFactory.ush" 1720
"../../../Engine/Shaders/Private/VertexFactoryCommon.ush" 1721
"../../../Engine/Shaders/Private/Common.ush" 1722
"../../../Engine/Shaders/Public/Platform.ush" 1723
"../../../Engine/Shaders/Public/FP16Math.ush" 1724
"../../../Engine/Shaders/Public/Platform/D3D/D3DCommon.ush" 1725
"../../../Engine/Shaders/Public/BindlessResources.ush" 1726
"../../../Engine/Shaders/Public/OverloadMacros.ush" 1727
"../../../Engine/Shaders/Public/ShaderVersion.ush" 1728
"../../../Engine/Shaders/Private/PackUnpack.ush" 1729
"../../../Engine/Shaders/Private/GeneratedUniformBufferTypes.ush" 1730
"../../../Engine/Shaders/Private/Nanite/NanitePackedNaniteView.ush" 1731
"../../../Engine/Shaders/Private/HairStrands/HairStrandsVisibilityCommonStruct.ush" 1732
"../../../Engine/Shaders/Private/HairStrands/HairStrandsVoxelPageCommonStruct.ush" 1733
"../../../Engine/Shaders/Private/HairStrands/HairStrandsDeepShadowCommonStruct.ush" 1734
"../../../Engine/Shaders/Shared/LightSceneData.h" 1735
"../../../Engine/Shaders/Shared/HLSLTypeAliases.h" 1736
"../../../Engine/Shaders/Private/LargeWorldCoordinates.ush" 1737
"../../../Engine/Shaders/Private/LWCOperations.ush" 1738
"../../../Engine/Shaders/Private/CommonViewUniformBuffer.ush" 1739
"../../../Engine/Shaders/Private/InstancedStereo.ush" 1740
"../../../Engine/Shaders/Private/Definitions.usf" 1741
"../../../Engine/Shaders/Private/AssertionMacros.ush" 1742
"../../../Engine/Shaders/Private/FastMath.ush" 1743
"../../../Engine/Shaders/Private/FastMathThirdParty.ush" 1744
"../../../Engine/Shaders/Private/Random.ush" 1745
"../../../Engine/Shaders/Private/SceneData.ush" 1746
"../../../Engine/Shaders/Private/OctahedralCommon.ush" 1747
"../../../Engine/Shaders/Shared/SceneDefinitions.h" 1748
"../../../Engine/Shaders/Private/ParticleVertexFactoryCommon.ush" 1749
"../../../Engine/Plugins/FX/Niagara/Shaders/Private/NiagaraVFCommon.usf" 1750
"../../../Engine/Plugins/FX/Niagara/Shaders/Private/NiagaraVFParticleAccess.usf" 1751
"../../../Engine/Plugins/FX/Niagara/Shaders/Private/NiagaraParticleAccess.ush" 1752
"../../../Engine/Shaders/Private/VertexFactoryDefaultInterface.ush" 1753
"../../../Engine/Plugins/FX/Niagara/Shaders/Private/NiagaraRibbonVertexFactory.ush" 1754
"../../../Engine/Plugins/FX/Niagara/Shaders/Private/NiagaraMeshVertexFactory.ush" 1755
"../../../Engine/Plugins/FX/Niagara/Shaders/Private/NiagaraCommon.ush" 1756
"../../../Engine/Plugins/FX/Niagara/Shaders/Private/NiagaraMeshParticleUtils.ush" 1757
"../../../Engine/Shaders/Private/RayTracing/RayTracingCommon.ush" 1758
"../../../Engine/Shaders/Private/ShadingCommon.ush" 1759
"../../../Engine/Shaders/Shared/RayTracingDefinitions.h" 1760
"../../../Engine/Shaders/Shared/RayTracingPayloadType.h" 1761
"../../../Engine/Shaders/Shared/HLSLStaticAssert.h" 1762
"../../../Engine/Shaders/Private/RayTracing/RayTracingRayCone.ush" 1763
"../../../Engine/Shaders/Private/Strata/Strata.ush" 1764
"../../../Engine/Shaders/Private/ShadingEnergyConservation.ush" 1765
"../../../Engine/Shaders/Private/ShadingEnergyConservationTemplate.ush" 1766
"../../../Engine/Shaders/Private/BRDF.ush" 1767
"../../../Engine/Shaders/Private/ColorSpace.ush" 1768
"../../../Engine/Shaders/Private/DeferredShadingCommon.ush" 1769
"../../../Engine/Shaders/Private/LightAccumulator.ush" 1770
"../../../Engine/Shaders/Private/SceneTexturesCommon.ush" 1771
"../../../Engine/Shaders/Private/MonteCarlo.ush" 1772
"../../../Engine/Shaders/Private/GBufferHelpers.ush" 1773
"../../../Engine/Shaders/Private/SceneTextureParameters.ush" 1774
"C:/Unreal_Study/UE5/UE_Project/MyProject/Intermediate/ShaderAutogen/PCD3D_SM5/AutogenShaderHeaders.ush" 1775
"../../../Engine/Shaders/Private/ParticipatingMediaCommon.ush" 1776
"../../../Engine/Shaders/Private/ThinFilmBSDF.ush" 1777
"../../../Engine/Shaders/Private/MortonCode.ush" 1778
"../../../Engine/Shaders/Private/SubsurfaceProfileCommon.ush" 1779
"../../../Engine/Shaders/Private/BurleyNormalizedSSSCommon.ush" 1780
"../../../Engine/Shaders/Private/GammaCorrectionCommon.ush" 1781
"../../../Engine/Shaders/Shared/StrataDefinitions.h" 1782
"../../../Engine/Shaders/Private/Strata/StrataStatisticalOperators.ush" 1783
"../../../Engine/Shaders/Private/Strata/StrataSubsurface.ush" 1784
"../../../Engine/Shaders/Private/TransmissionCommon.ush" 1785
"../../../Engine/Shaders/Private/RayTracing/RayTracingCommonMetal.ush" 1786
"../../../Engine/Shaders/Private/PositionReconstructionCommon.ush" 1787
"../../../Engine/Shaders/Private/RayTracing/TraceRayInline.ush" 1788
"../../../Engine/Shaders/Private/RayTracing/TraceRayInlineCommon.ush" 1789
"../../../Engine/Shaders/Private/RayTracing/TraceRayInlineVulkan.ush" 1790
"../../../Engine/Shaders/Private/RayTracing/TraceRayInlineMetal.ush" 1791
"../../../Engine/Shaders/Private/RayTracing/RayTracingHitGroupCommon.ush" 1792
"../../../Engine/Shaders/Shared/RayTracingBuiltInResources.h" 1793
"../../../Engine/Shaders/Private/Nanite/NaniteDataDecode.ush" 1794
"../../../Engine/Shaders/Private/BitPacking.ush" 1795
"../../../Engine/Shaders/Private/BitStreamReaderImplementation.ush" 1796
"../../../Engine/Shaders/Shared/NaniteDefinitions.h" 1797
"../../../Engine/Shaders/Private/Nanite/NaniteAttributeDecode.ush" 1798
"../../../Engine/Shaders/Private/VectorFieldVisualizationVertexFactory.ush" 1799
"../../../Engine/Shaders/Private/Nanite/NaniteVertexFactory.ush" 1800
"../../../Engine/Shaders/Private/LightmapData.ush" 1801
"../../../Engine/Shaders/Private/SplineMeshCommon.ush" 1802
"../../../Engine/Shaders/Shared/SplineMeshShaderParams.h" 1803
"../../../Engine/Shaders/Private/Quaternion.ush" 1804
"../../../Engine/Shaders/Private/ShaderPrint.ush" 1805
"../../../Engine/Shaders/Private/ShaderPrintCommon.ush" 1806
"../../../Engine/Shaders/Private/MiniFontCommon.ush" 1807
"../../../Engine/Shaders/Private/ParticleSpriteVertexFactory.ush" 1808
"../../../Engine/Shaders/Private/ParticleGPUSpriteVertexFactory.ush" 1809
"../../../Engine/Shaders/Private/ParticleBeamTrailVertexFactory.ush" 1810
"../../../Engine/Shaders/Private/MeshParticleVertexFactory.ush" 1811
"../../../Engine/Shaders/Private/LocalVertexFactory.ush" 1812
"../../../Engine/Shaders/Private/LocalVertexFactoryCommon.ush" 1813
"../../../Engine/Shaders/Private/GpuSkinCommon.ush" 1814
"../../../Engine/Shaders/Private/GpuSkinVertexFactory.ush" 1815
"../../../Engine/Shaders/Private/GeometryCollectionVertexFactory.ush" 1816
"../../../Engine/Shaders/Private/GeometryCacheVertexFactory.ush" 1817
"../../../Engine/Shaders/Private/LandscapeVertexFactory.ush" 1818
"../../../Engine/Plugins/Media/WmfMedia/Shaders/Private/MediaHardwareVideoDecoding.usf" 1819
"../../../Engine/Shaders/Private/ColorUtils.ush" 1820
"../../../Engine/Plugins/Media/ImgMedia/Shaders/Private/ExrSwizzler.usf" 1821
"../../../Engine/Plugins/FX/Niagara/Shaders/Private/NiagaraSVTToDenseBuffer.usf" 1822
"../../../Engine/Shaders/Private/SparseVolumeTexture/SparseVolumeTextureCommon.ush" 1823
"../../../Engine/Plugins/FX/Niagara/Shaders/Private/NiagaraFillIntBuffer.usf" 1824
"../../../Engine/Plugins/FX/Niagara/Shaders/Private/NiagaraComputeFreeIDs.usf" 1825
"../../../Engine/Plugins/FX/Niagara/Shaders/Private/NiagaraInitFreeIDBuffer.usf" 1826
"../../../Engine/Plugins/FX/Niagara/Shaders/Private/NiagaraEmitterInstanceShader.usf" 1827
"../../../Engine/Plugins/FX/Niagara/Shaders/Private/NiagaraShaderVersion.ush" 1828
"../../../Engine/Shaders/Private/DistanceField/GlobalDistanceFieldShared.ush" 1829
"../../../Engine/Plugins/FX/Niagara/Shaders/Private/NiagaraPhysicsCommon.ush" 1830
"../../../Engine/Plugins/FX/Niagara/Shaders/Private/Ribbons/NiagaraRibbonGenerateIndices.usf" 1831
"../../../Engine/Plugins/FX/Niagara/Shaders/Private/Ribbons/NiagaraRibbonCommon.ush" 1832
"../../../Engine/Plugins/FX/Niagara/Shaders/Private/Ribbons/NiagaraRibbonInitializeIndices.usf" 1833
"../../../Engine/Plugins/FX/Niagara/Shaders/Private/Ribbons/NiagaraRibbonRibbonUVParamCalculation.usf" 1834
"../../../Engine/Plugins/FX/Niagara/Shaders/Private/Ribbons/NiagaraRibbonVertexReductionFinalization.usf" 1835
"../../../Engine/Plugins/FX/Niagara/Shaders/Private/Ribbons/NiagaraRibbonVertexReductionPropagation.usf" 1836
"../../../Engine/Plugins/FX/Niagara/Shaders/Private/Ribbons/NiagaraRibbonVertexReductionInitialization.usf" 1837
"../../../Engine/Plugins/FX/Niagara/Shaders/Private/Ribbons/NiagaraRibbonSortParticles.usf" 1838
"../../../Engine/Plugins/FX/Niagara/Shaders/Private/NiagaraUpdateMeshGPUSceneInstances.usf" 1839
"../../../Engine/Shaders/Private/ComputeShaderUtils.ush" 1840
"../../../Engine/Shaders/Private/GPUScene/GPUSceneWriter.ush" 1841
"../../../Engine/Plugins/FX/Niagara/Shaders/Private/NiagaraGenerateMips.usf" 1842
"../../../Engine/Plugins/FX/Niagara/Shaders/Private/NiagaraDebugDraw.usf" 1843
"../../../Engine/Plugins/FX/Niagara/Shaders/Private/NiagaraDebugDraw.ush" 1844
"../../../Engine/Plugins/FX/Niagara/Shaders/Private/NiagaraVisualizeTexture.usf" 1845
"../../../Engine/Plugins/FX/Niagara/Shaders/Private/NiagaraClearCounts.usf" 1846
"../../../Engine/Plugins/FX/Niagara/Shaders/Private/NiagaraBatchedElements.usf" 1847
"../../../Engine/Plugins/FX/Niagara/Shaders/Private/NiagaraRayTracingShaders.usf" 1848
"../../../Engine/Plugins/FX/Niagara/Shaders/Private/NiagaraAsyncGpuTraceCommon.ush" 1849
"../../../Engine/Shaders/Private/HashTable.ush" 1850
"../../../Engine/Shaders/Private/Hash.ush" 1851
"../../../Engine/Shaders/Private/RayTracing/VFXTraceRay.ush" 1852
"../../../Engine/Plugins/FX/Niagara/Shaders/Private/NiagaraRayMarchingShaders.usf" 1853
"../../../Engine/Plugins/FX/Niagara/Shaders/Private/NiagaraRayTraceCollisionGroupShaders.usf" 1854
"../../../Engine/Plugins/FX/Niagara/Shaders/Private/NiagaraAsyncGpuTraceUtils.usf" 1855
"../../../Engine/Plugins/FX/Niagara/Shaders/Private/NiagaraSortKeyGen.usf" 1856
"../../../Engine/Plugins/FX/Niagara/Shaders/Private/NiagaraGPURayTracingTransforms.usf" 1857
"../../../Engine/Plugins/FX/Niagara/Shaders/Private/NiagaraDrawIndirectArgsGen.usf" 1858
"../../../Engine/Plugins/FX/Niagara/Shaders/Private/NiagaraDispatchIndirectArgsGen.usf" 1859
"../../../Engine/Plugins/Enterprise/GLTFExporter/Shaders/Private/SimpleTexture2DPS.usf" 1860
"../../../Engine/Shaders/Private/SimpleElementNormalMapPixelShader.usf" 1861
"../../../Engine/Shaders/Private/SlateElementPixelShader.usf" 1862
"../../../Engine/Shaders/Private/SlateShaderCommon.ush" 1863
"../../../Engine/Shaders/Private/MaterialTemplate.ush" 1864
"../../../Engine/Shaders/Private/EyeAdaptationCommon.ush" 1865
"../../../Engine/Shaders/Private/SobolRandom.ush" 1866
"../../../Engine/Shaders/Private/DepthOfFieldCommon.ush" 1867
"../../../Engine/Shaders/Private/CircleDOFCommon.ush" 1868
"../../../Engine/Shaders/Private/PhysicsFieldSampler.ush" 1869
"../../../Engine/Shaders/Private/PhysicsFieldShared.ush" 1870
"../../../Engine/Shaders/Private/HairShadingCommon.ush" 1871
"../../../Engine/Shaders/Private/HairStrands/HairCardsAttributeCommon.ush" 1872
"../../../Engine/Shaders/Private/HairStrands/HairStrandsVertexFactoryCommon.ush" 1873
"../../../Engine/Shaders/Shared/HairStrandsDefinitions.h" 1874
"../../../Engine/Shaders/Private/HairStrands/HairStrandsPack.ush" 1875
"../../../Engine/Shaders/Private/HairStrands/HairStrandsAttributeCommon.ush" 1876
"../../../Engine/Shaders/Private/HairStrands/HairStrandsAttributeTemplate.ush" 1877
"../../../Engine/Shaders/Private/SpeedTreeCommon.ush" 1878
"../../../Engine/Shaders/Private/VirtualTextureCommon.ush" 1879
"../../../Engine/Shaders/Private/MaterialTexture.ush" 1880
"../../../Engine/Shaders/Private/MinMaterialTexCoords.ush" 1881
"../../../Engine/Shaders/Private/SkyAtmosphereCommon.ush" 1882
"../../../Engine/Shaders/Private/SingleLayerWaterCommon.ush" 1883
"../../../Engine/Shaders/Private/TextureSampling.ush" 1884
"../../../Engine/Shaders/Private/PaniniProjection.ush" 1885
"../../../Engine/Shaders/Private/DBufferNormalReprojection.ush" 1886
"../../../Engine/Shaders/Private/Strata/StrataTree.ush" 1887
"../../../Engine/Shaders/Private/Strata/StrataEvaluation.ush" 1888
"../../../Engine/Shaders/Private/Strata/Glint/GlintThirdParty.ush" 1889
"../../../Engine/Shaders/Private/BlueNoise.ush" 1890
"../../../Engine/Shaders/Private/SHCommon.ush" 1891
"../../../Engine/Shaders/Private/ShadingModels.ush" 1892
"../../../Engine/Shaders/Private/CapsuleLight.ush" 1893
"../../../Engine/Shaders/Private/RectLight.ush" 1894
"../../../Engine/Shaders/Private/LightData.ush" 1895
"../../../Engine/Shaders/Private/AreaLightCommon.ush" 1896
"../../../Engine/Shaders/Private/HairBsdf.ush" 1897
"../../../Engine/Shaders/Private/MobileGGX.ush" 1898
"../../../Engine/Shaders/Private/ShadingModelsSampling.ush" 1899
"../../../Engine/Shaders/Private/HairStrands/HairBsdfSample.ush" 1900
"../../../Engine/Shaders/Private/HairStrands/HairStrandsCommon.ush" 1901
"../../../Engine/Shaders/Private/HairStrands/HairStrandsDeepTransmittanceCommon.ush" 1902
"../../../Engine/Shaders/Private/HairStrands/HairStrandsDeepTransmittanceDualScattering.ush" 1903
"../../../Engine/Shaders/Private/HairStrands/HairStrandsEnvironmentLightingCommon.ush" 1904
"../../../Engine/Shaders/Private/Strata/StrataLegacyConversion.ush" 1905
"../../../Engine/Shaders/Private/DBufferDecalShared.ush" 1906
"../../../Engine/Shaders/Private/CompositeUIPixelShader.usf" 1907
"../../../Engine/Shaders/Private/TonemapCommon.ush" 1908
"../../../Engine/Shaders/Private/ACES.ush" 1909
"../../../Engine/Shaders/Private/ColorDeficiency.ush" 1910
"../../../Engine/Shaders/Private/SlateMaskingShader.usf" 1911
"../../../Engine/Shaders/Private/SlatePostProcessColorDeficiencyPixelShader.usf" 1912
"../../../Engine/Shaders/Private/SlatePostProcessPixelShader.usf" 1913
"../../../Engine/Shaders/Private/SlateVertexShader.usf" 1914
"../../../Engine/Shaders/Private/TranslucentLightingShaders.usf" 1915
"../../../Engine/Shaders/Private/ShadowProjectionCommon.ush" 1916
"../../../Engine/Shaders/Private/CubemapCommon.ush" 1917
"../../../Engine/Shaders/Private/VectorFieldCompositeShaders.usf" 1918
"../../../Engine/Shaders/Private/UpdateTextureShaders.usf" 1919
"../../../Engine/Shaders/Private/StereoLayerShader.usf" 1920
"../../../Engine/Shaders/Private/SparseVolumeTexture/UpdateSparseVolumeTexture.usf" 1921
"../../../Engine/Shaders/Private/MorphTargets.usf" 1922
"../../../Engine/Shaders/Private/SimpleElementColorChannelMaskPixelShader.usf" 1923
"../../../Engine/Shaders/Private/SimpleElementHitProxyPixelShader.usf" 1924
"../../../Engine/Shaders/Private/SimpleElementPixelShader.usf" 1925
"../../../Engine/Shaders/Private/IESLightProfilesCommon.ush" 1926
"../../../Engine/Shaders/Private/SimpleElementVertexShader.usf" 1927
"../../../Engine/Shaders/Private/ScreenPixelShaderOES.usf" 1928
"../../../Engine/Shaders/Private/ScreenVertexShader.usf" 1929
"../../../Engine/Shaders/Private/ScreenPixelShader.usf" 1930
"../../../Engine/Shaders/Private/SSProfilePreIntegratedMobile.usf" 1931
"../../../Engine/Shaders/Private/SpecularProfile.usf" 1932
"../../../Engine/Shaders/Private/Nanite/NaniteStreaming.usf" 1933
"../../../Engine/Shaders/Private/Nanite/NaniteStreaming.ush" 1934
"../../../Engine/Shaders/Private/WaveOpUtil.ush" 1935
"../../../Engine/Shaders/Private/Nanite/NaniteTranscode.usf" 1936
"../../../Engine/Shaders/Private/VolumetricLightmapStreaming.usf" 1937
"../../../Engine/Shaders/Private/PhysicsFieldReset.usf" 1938
"../../../Engine/Shaders/Private/PhysicsFieldBuilder.usf" 1939
"../../../Engine/Shaders/Private/PhysicsFieldEval.ush" 1940
"../../../Engine/Shaders/Private/ParticleSortKeyGen.usf" 1941
"../../../Engine/Shaders/Private/ParticleBoundsShader.usf" 1942
"../../../Engine/Shaders/Private/ParticleSimVisualizeShader.usf" 1943
"../../../Engine/Shaders/Private/ParticleInjectionShader.usf" 1944
"../../../Engine/Shaders/Private/ParticleSimulationShader.usf" 1945
"../../../Engine/Shaders/Private/ParticleCurveInjectionShader.usf" 1946
"../../../Engine/Shaders/Private/CopyUIntBuffer.usf" 1947
"../../../Engine/Shaders/Private/RadixSortShaders.usf" 1948
"../../../Engine/Shaders/Private/RecomputeTangentsPerVertexPass.usf" 1949
"../../../Engine/Shaders/Private/RecomputeTangentsCommon.ush" 1950
"../../../Engine/Shaders/Private/RecomputeTangentsPerTrianglePass.usf" 1951
"../../../Engine/Shaders/Private/GpuSkinCacheComputeShader.usf" 1952
"../../../Engine/Shaders/Private/HeightFieldAtlasManagement.usf" 1953
"../../../Engine/Shaders/Private/LandscapePhysicalMaterial.usf" 1954
"../../../Engine/Shaders/Private/LandscapeGrassWeight.usf" 1955
"../../../Engine/Shaders/Private/Landscape/LandscapeLayersWeightmapsPS.usf" 1956
"../../../Engine/Shaders/Private/Landscape/LandscapeLayersHeightmapsPS.usf" 1957
"../../../Engine/Shaders/Private/Landscape/LandscapeCommon.ush" 1958
"../../../Engine/Shaders/Private/LandscapeLayersCS.usf" 1959
"../../../Engine/Shaders/Private/LandscapeLayersPS.usf" 1960
"../../../Engine/Shaders/Private/LandscapeLayersVS.usf" 1961
"../../../Engine/Shaders/Private/Landscape/LandscapeCulling.usf" 1962
"../../../Engine/Shaders/Private/Nanite/NaniteHZBCull.ush" 1963
"../../../Engine/Shaders/Private/Landscape/LandscapeMergeHeightmapsPS.usf" 1964
"../../../Engine/Shaders/Private/WideCustomResolveShaders.usf" 1965
"../../../Engine/Shaders/Private/WideCustomResolve_Wide.ush" 1966
"../../../Engine/Shaders/Private/WideCustomResolve_Wider.ush" 1967
"../../../Engine/Shaders/Private/WideCustomResolve_Widest.ush" 1968
"../../../Engine/Shaders/Private/PageTableUpdate.usf" 1969
"../../../Engine/Shaders/Private/VirtualTextureCompress.usf" 1970
"../../../Engine/Shaders/Private/BlockCompressionCommon.ush" 1971
"../../../Engine/Shaders/Private/BCCompressionCommon.ush" 1972
"../../../Engine/Shaders/Private/ETCCompressionCommon.ush" 1973
"../../../Engine/Shaders/Private/VirtualTextureMaterial.usf" 1974
"../../../Engine/Shaders/Private/PixelShaderOutputCommon.ush" 1975
"../../../Engine/Shaders/Private/ShaderOutputCommon.ush" 1976
"../../../Engine/Shaders/Private/VolumetricRenderTarget.usf" 1977
"../../../Engine/Shaders/Private/VolumetricFogVoxelization.usf" 1978
"../../../Engine/Shaders/Private/VolumetricCloudMaterialPixelCommon.ush" 1979
"../../../Engine/Shaders/Private/VolumetricFogLightFunction.usf" 1980
"../../../Engine/Shaders/Private/LightFunctionCommon.ush" 1981
"../../../Engine/Shaders/Private/VolumetricFog.usf" 1982
"../../../Engine/Shaders/Private/DeferredLightingCommon.ush" 1983
"../../../Engine/Shaders/Private/DynamicLightingCommon.ush" 1984
"../../../Engine/Shaders/Private/CapsuleLightIntegrate.ush" 1985
"../../../Engine/Shaders/Private/CapsuleLightSampling.ush" 1986
"../../../Engine/Shaders/Private/RectLightIntegrate.ush" 1987
"../../../Engine/Shaders/Private/LightGridCommon.ush" 1988
"../../../Engine/Shaders/Private/HeightFogCommon.ush" 1989
"../../../Engine/Shaders/Private/DistanceFieldAOShared.ush" 1990
"../../../Engine/Shaders/Private/VolumeLightingCommon.ush" 1991
"../../../Engine/Shaders/Private/ShadowFilteringCommon.ush" 1992
"../../../Engine/Shaders/Private/PixelQuadMessagePassing.ush" 1993
"../../../Engine/Shaders/Private/VolumeLightingCommonSampling.ush" 1994
"../../../Engine/Shaders/Private/VolumetricLightmapShared.ush" 1995
"../../../Engine/Shaders/Private/ForwardShadowingCommon.ush" 1996
"../../../Engine/Shaders/Private/LightDataUniforms.ush" 1997
"../../../Engine/Shaders/Private/Lumen/LumenTranslucencyVolumeShared.ush" 1998
"../../../Engine/Shaders/Private/Lumen/LumenRadianceCacheInterpolation.ush" 1999
"../../../Engine/Shaders/Private/VirtualShadowMaps/VirtualShadowMapProjectionCommon.ush" 2000
"../../../Engine/Shaders/Private/VirtualShadowMaps/VirtualShadowMapPageAccessCommon.ush" 2001
"../../../Engine/Shaders/Shared/VirtualShadowMapDefinitions.h" 2002
"../../../Engine/Shaders/Private/VirtualShadowMaps/VirtualShadowMapProjectionStructs.ush" 2003
"../../../Engine/Shaders/Private/VolumetricCloudCommon.ush" 2004
"../../../Engine/Shaders/Private/VolumetricCloud.usf" 2005
"../../../Engine/Shaders/Private/ColorMap.ush" 2006
"../../../Engine/Shaders/Private/ReflectionEnvironmentShared.ush" 2007
"../../../Engine/Shaders/Private/VisualizeVolumetricLightmap.usf" 2008
"../../../Engine/Shaders/Private/VirtualShadowMaps/VirtualShadowMapProjectionComposite.usf" 2009
"../../../Engine/Shaders/Private/LightShaderParameters.ush" 2010
"../../../Engine/Shaders/Private/VirtualShadowMaps/VirtualShadowMapMaskBitsCommon.ush" 2011
"../../../Engine/Shaders/Private/VirtualShadowMaps/VirtualShadowMapProjection.usf" 2012
"../../../Engine/Shaders/Private/HairStrands/HairStrandsVisibilityCommon.ush" 2013
"../../../Engine/Shaders/Private/Visualization.ush" 2014
"../../../Engine/Shaders/Private/VirtualShadowMaps/VirtualShadowMapProjectionFilter.ush" 2015
"../../../Engine/Shaders/Private/VirtualShadowMaps/VirtualShadowMapProjectionDirectional.ush" 2016
"../../../Engine/Shaders/Private/PathTracing/Utilities/PathTracingRandomSequence.ush" 2017
"../../../Engine/Shaders/Private/VirtualShadowMaps/VirtualShadowMapSMRTCommon.ush" 2018
"../../../Engine/Shaders/Private/VirtualShadowMaps/VirtualShadowMapSMRTTemplate.ush" 2019
"../../../Engine/Shaders/Private/VirtualShadowMaps/VirtualShadowMapProjectionSpot.ush" 2020
"../../../Engine/Shaders/Private/VirtualShadowMaps/VirtualShadowMapTransmissionCommon.ush" 2021
"../../../Engine/Shaders/Private/HairStrands/HairStrandsVoxelPageCommon.ush" 2022
"../../../Engine/Shaders/Private/HairStrands/HairStrandsVoxelPageTraversal.ush" 2023
"../../../Engine/Shaders/Private/VirtualShadowMaps/VirtualShadowMapCacheManagement.usf" 2024
"../../../Engine/Shaders/Private/VirtualShadowMaps/VirtualShadowMapPageOverlap.ush" 2025
"../../../Engine/Shaders/Private/VirtualShadowMaps/VirtualShadowMapStaticCaching.ush" 2026
"../../../Engine/Shaders/Private/VirtualShadowMaps/VirtualShadowMapPageCacheCommon.ush" 2027
"../../../Engine/Shaders/Private/ScreenSpaceDenoise/SSDDefinitions.ush" 2028
"../../../Engine/Shaders/Private/InstanceCulling/InstanceCullingLoadBalancer.ush" 2029
"../../../Engine/Shaders/Private/VirtualShadowMaps/VirtualShadowMapCopyStats.usf" 2030
"../../../Engine/Shaders/Private/VirtualShadowMaps/VirtualShadowMapPhysicalPageManagement.usf" 2031
"../../../Engine/Shaders/Private/ReductionCommon.ush" 2032
"../../../Engine/Shaders/Private/GPUMessaging.ush" 2033
"../../../Engine/Shaders/Private/VirtualShadowMaps/VirtualShadowMapStats.ush" 2034
"../../../Engine/Shaders/Private/ThreadGroupPrefixSum.ush" 2035
"../../../Engine/Shaders/Private/VirtualShadowMaps/VirtualShadowMapBuildPerPageDrawCommands.usf" 2036
"../../../Engine/Shaders/Private/Nanite/NaniteCullingCommon.ush" 2037
"../../../Engine/Shaders/Private/Nanite/NaniteCulling.ush" 2038
"../../../Engine/Shaders/Private/Nanite/NaniteHierarchyTraversalCommon.ush" 2039
"../../../Engine/Shaders/Private/InstanceCulling/InstanceCullingCommon.ush" 2040
"../../../Engine/Shaders/Private/VirtualShadowMaps/VirtualShadowMapPrintStats.usf" 2041
"../../../Engine/Shaders/Private/VirtualShadowMaps/VirtualShadowMapDebug.usf" 2042
"../../../Engine/Shaders/Private/VirtualShadowMaps/VirtualShadowMapPageManagement.usf" 2043
"../../../Engine/Shaders/Private/VirtualShadowMaps/VirtualShadowMapPageMarking.usf" 2044
"../../../Engine/Shaders/Shared/SingleLayerWaterDefinitions.h" 2045
"../../../Engine/Shaders/Private/HairStrands/HairStrandsTileCommon.ush" 2046
"../../../Engine/Shaders/Private/VariableRateShading/VRSShadingRatePreview.usf" 2047
"../../../Engine/Shaders/Private/VariableRateShading/VRSShadingRateCommon.ush" 2048
"../../../Engine/Shaders/Private/VariableRateShading/VRSShadingRateCombine.usf" 2049
"../../../Engine/Shaders/Private/VariableRateShading/VRSShadingRateFoveated.usf" 2050
"../../../Engine/Shaders/Private/VariableRateShading/VRSShadingRateReproject.usf" 2051
"../../../Engine/Shaders/Private/VariableRateShading/VRSShadingRateCalculate.usf" 2052
"../../../Engine/Shaders/Private/TranslucencyUpsampling.usf" 2053
"../../../Engine/Shaders/Private/ScreenPass.ush" 2054
"../../../Engine/Shaders/Private/ComposeSeparateTranslucency.usf" 2055
"../../../Engine/Shaders/Private/SeparateTranslucency.ush" 2056
"../../../Engine/Shaders/Private/TranslucentLightInjectionShaders.usf" 2057
"../../../Engine/Shaders/Private/TranslucentShadowDepthShaders.usf" 2058
"../../../Engine/Shaders/Private/ShadowDepthCommon.ush" 2059
"../../../Engine/Shaders/Private/RayTracing/RayTracingTest.usf" 2060
"../../../Engine/Shaders/Private/PostProcessSubsurfaceTile.usf" 2061
"../../../Engine/Shaders/Private/Strata/StrataVisualize.usf" 2062
"../../../Engine/Shaders/Private/Strata/StrataTile.ush" 2063
"../../../Engine/Shaders/Private/SkyLightingDiffuseShared.ush" 2064
"../../../Engine/Shaders/Private/SkyLightingShared.ush" 2065
"../../../Engine/Shaders/Private/ClearCoatCommon.ush" 2066
"../../../Engine/Shaders/Private/ReflectionEnvironmentComposite.ush" 2067
"../../../Engine/Shaders/Private/Strata/StrataLightingCommon.ush" 2068
"../../../Engine/Shaders/Private/Strata/StrataRoughRefraction.usf" 2069
"../../../Engine/Shaders/Private/PathTracing/Material/PathTracingFresnel.ush" 2070
"../../../Engine/Shaders/Private/PathTracing/Material/PathTracingGlossy.ush" 2071
"../../../Engine/Shaders/Private/Strata/StrataTile.usf" 2072
"../../../Engine/Shaders/Private/Strata/StrataMaterialClassification.usf" 2073
"../../../Engine/Shaders/Private/Strata/StrataDBuffer.usf" 2074
"../../../Engine/Shaders/Private/SparseVolumeTexture/VisualizeSparseVolumeTexture.usf" 2075
"../../../Engine/Shaders/Private/SkyAtmosphere.usf" 2076
"../../../Engine/Shaders/Private/CopyDepthTexture.usf" 2077
"../../../Engine/Shaders/Private/SingleLayerWaterComposite.usf" 2078
"../../../Engine/Shaders/Private/ShadowProjectionVertexShader.usf" 2079
"../../../Engine/Shaders/Private/ShadowProjectionPixelShader.usf" 2080
"../../../Engine/Shaders/Private/ShadowPercentageCloserFiltering.ush" 2081
"../../../Engine/Shaders/Private/TransmissionThickness.ush" 2082
"../../../Engine/Shaders/Private/CopyShadowMaps.usf" 2083
"../../../Engine/Shaders/Private/ShadowDepthPixelShader.usf" 2084
"../../../Engine/Shaders/Private/ShadowDepthVertexShader.usf" 2085
"../../../Engine/Shaders/Private/ShadingEnergyConservationTable.usf" 2086
"../../../Engine/Shaders/Shared/PathTracingDefinitions.h" 2087
"../../../Engine/Shaders/Private/ShadingFurnaceTest.usf" 2088
"../../../Engine/Shaders/Private/Strata/StrataDeferredLighting.ush" 2089
"../../../Engine/Shaders/Private/ShaderPrintDraw.usf" 2090
"../../../Engine/Shaders/Private/ShaderPrintDrawPrimitive.usf" 2091
"../../../Engine/Shaders/Private/SSRT/SSRTDiffuseIndirect.usf" 2092
"../../../Engine/Shaders/Private/SSRT/SSRTRayCast.ush" 2093
"../../../Engine/Shaders/Private/SSRT/SSRTTileClassificationBuffer.ush" 2094
"../../../Engine/Shaders/Private/SSRT/SSRTReflections.usf" 2095
"../../../Engine/Shaders/Private/ScreenSpaceDenoise/SSDPublic.ush" 2096
"../../../Engine/Shaders/Private/SSRT/SSRTTileClassification.usf" 2097
"../../../Engine/Shaders/Private/SSRT/SSRTPrevFrameReduction.usf" 2098
"../../../Engine/Shaders/Private/ScreenSpaceDenoise/SSDComposeHarmonics.usf" 2099
"../../../Engine/Shaders/Private/ScreenSpaceDenoise/SSDPublicHarmonics.ush" 2100
"../../../Engine/Shaders/Private/ScreenSpaceDenoise/SSDSignalFramework.ush" 2101
"../../../Engine/Shaders/Private/ScreenSpaceDenoise/SSDCommon.ush" 2102
"../../../Engine/Shaders/Private/SphericalGaussian.ush" 2103
"../../../Engine/Shaders/Public/WaveBroadcastIntrinsics.ush" 2104
"../../../Engine/Shaders/Private/ScreenSpaceDenoise/SSDMetadata.ush" 2105
"../../../Engine/Shaders/Private/ScreenSpaceDenoise/SSDSignalCore.ush" 2106
"../../../Engine/Shaders/Private/ScreenSpaceDenoise/DenoisingCommon.ush" 2107
"../../../Engine/Shaders/Private/ScreenSpaceDenoise/SSDSignalArray.ush" 2108
"../../../Engine/Shaders/Private/ScreenSpaceDenoise/SSDSignalBufferEncoding.ush" 2109
"../../../Engine/Shaders/Private/ScreenSpaceDenoise/SSDPublicBufferEncoding.ush" 2110
"../../../Engine/Shaders/Private/Lumen/LumenBufferEncoding.ush" 2111
"../../../Engine/Shaders/Private/ScreenSpaceDenoise/SSDTemporalAccumulation.usf" 2112
"../../../Engine/Shaders/Private/ScreenSpaceDenoise/SSDSpatialKernel.ush" 2113
"../../../Engine/Shaders/Private/ScreenSpaceDenoise/SSDSignalAccumulatorArray.ush" 2114
"../../../Engine/Shaders/Private/ScreenSpaceDenoise/SSDSignalAccumulator.ush" 2115
"../../../Engine/Shaders/Private/ScreenSpaceDenoise/SSDSignalCompression.ush" 2116
"../../../Engine/Shaders/Private/ScreenSpaceDenoise/SSDSpatialAccumulation.usf" 2117
"../../../Engine/Shaders/Private/ScreenSpaceDenoise/SSDInjest.usf" 2118
"../../../Engine/Shaders/Private/ScreenSpaceDenoise/SSDCompressMetadata.usf" 2119
"../../../Engine/Shaders/Private/DownsampleDepthPixelShader.usf" 2120
"../../../Engine/Shaders/Private/ScreenPass.usf" 2121
"../../../Engine/Shaders/Private/HZB.usf" 2122
"../../../Engine/Shaders/Private/OcclusionFeedbackShaders.usf" 2123
"../../../Engine/Shaders/Private/HZBOcclusion.usf" 2124
"../../../Engine/Shaders/Private/OcclusionQueryPixelShader.usf" 2125
"../../../Engine/Shaders/Private/OcclusionQueryVertexShader.usf" 2126
"../../../Engine/Shaders/Private/HitProxyPixelShader.usf" 2127
"../../../Engine/Shaders/Private/HitProxyVertexShader.usf" 2128
"../../../Engine/Shaders/Private/SceneCapturePixelShader.usf" 2129
"../../../Engine/Shaders/Private/RTWriteMaskDecode.usf" 2130
"../../../Engine/Shaders/Private/ReflectionEnvironmentShaders.usf" 2131
"../../../Engine/Shaders/Private/RectLightAtlas.usf" 2132
"../../../Engine/Shaders/Private/RayTracing/TraceRayInlineStatistics.usf" 2133
"../../../Engine/Shaders/Private/RayTracing/VisualizeSkyLightMipTreePS.usf" 2134
"../../../Engine/Shaders/Private/RayTracing/MipTreeCommon.ush" 2135
"../../../Engine/Shaders/Private/RayTracing/CompositeSkyLightPS.usf" 2136
"../../../Engine/Shaders/Private/RayTracing/GenerateSkyLightVisibilityRaysCS.usf" 2137
"../../../Engine/Shaders/Private/RayTracing/RayTracingSkyLightCommon.ush" 2138
"../../../Engine/Shaders/Private/RayTracing/SkyLightVisibilityRaysData.ush" 2139
"../../../Engine/Shaders/Private/Raytracing/RaytracingSkylightRGS.usf" 2140
"../../../Engine/Shaders/Private/HairStrands/HairStrandsRaytracing.ush" 2141
"../../../Engine/Shaders/Private/Raytracing/RayTracingSkyLightEvaluation.ush" 2142
"../../../Engine/Shaders/Private/Raytracing/RayTracingDeferredShadingCommon.ush" 2143
"../../../Engine/Shaders/Private/RayTracing/RayTracingOcclusionRGS.usf" 2144
"../../../Engine/Shaders/Private/RayTracing/RayTracingDirectionalLight.ush" 2145
"../../../Engine/Shaders/Private/RayTracing/RayTracingRectLight.ush" 2146
"../../../Engine/Shaders/Private/RayTracing/RayTracingSphereLight.ush" 2147
"../../../Engine/Shaders/Private/RayTracing/RayTracingCapsuleLight.ush" 2148
"../../../Engine/Shaders/Private/RayTracing/SplitImaginaryReflectionGBufferCS.usf" 2149
"../../../Engine/Shaders/Private/RayTracing/RayTracingReflectionsCommon.ush" 2150
"../../../Engine/Shaders/Private/RayTracing/RayTracingReflections.usf" 2151
"../../../Engine/Shaders/Private/RayTracing/RayTracingLightingCommon.ush" 2152
"../../../Engine/Shaders/Private/RayTracing/RayTracingLightCullingCommon.ush" 2153
"../../../Engine/Shaders/Private/RayTracing/RayTracingReflectionEnvironment.ush" 2154
"../../../Engine/Shaders/Private/RayTracing/RayTracingPrimaryRays.usf" 2155
"../../../Engine/Shaders/Private/RayTracing/RayTracingMaterialDefaultHitShaders.usf" 2156
"../../../Engine/Shaders/Private/RayTracing/RayTracingMaterialHitShaders.usf" 2157
"../../../Engine/Shaders/Private/RayTracing/RayTracingShaderUtils.ush" 2158
"../../../Engine/Shaders/Private/RayTracing/RayTracingCalcInterpolants.ush" 2159
"../../../Engine/Shaders/Private/LightmapCommon.ush" 2160
"../../../Engine/Shaders/Private/Lumen/LumenHardwareRayTracingPayloadCommon.ush" 2161
"../../../Engine/Shaders/Private/Strata/StrataExport.ush" 2162
"../../../Engine/Shaders/Private/RayTracing/RayTracingLightingMS.usf" 2163
"../../../Engine/Shaders/Private/RayTracing/RayTracingLightFunctionCommon.ush" 2164
"../../../Engine/Shaders/Private/RayTracing/GenerateCulledLightListCS.usf" 2165
"../../../Engine/Shaders/Private/Raytracing/RayTracingInstanceBufferUtil.usf" 2166
"../../../Engine/Shaders/Private/RayTracing/RayTracingFinalGatherRGS.usf" 2167
"../../../Engine/Shaders/Private/RayTracing/RayTracingGatherPoints.ush" 2168
"../../../Engine/Shaders/Private/PathTracing/Light/PathTracingLightSampling.ush" 2169
"../../../Engine/Shaders/Private/PathTracing/Light/PathTracingLightCommon.ush" 2170
"../../../Engine/Shaders/Shared/RayTracingTypes.h" 2171
"../../../Engine/Shaders/Private/PathTracing/Light/PathTracingDirectionalLight.ush" 2172
"../../../Engine/Shaders/Private/PathTracing/Light/PathTracingPointLight.ush" 2173
"../../../Engine/Shaders/Private/PathTracing/Light/PathTracingCapsuleLight.ush" 2174
"../../../Engine/Shaders/Private/PathTracing/Light/PathTracingRectLight.ush" 2175
"../../../Engine/Shaders/Private/PathTracing/Light/PathTracingSkyLight.ush" 2176
"../../../Engine/Shaders/Private/PathTracing/Light/PathTracingSpotLight.ush" 2177
"../../../Engine/Shaders/Private/RayTracing/RayTracingCreateGatherPointsRGS.usf" 2178
"../../../Engine/Shaders/Private/RayTracing/RayTracingGlobalIlluminationRGS.usf" 2179
"../../../Engine/Shaders/Private/RayTracing/RayTracingDynamicMesh.usf" 2180
"../../../Engine/Shaders/Private/RayTracing/RayTracingDeferredReflections.usf" 2181
"../../../Engine/Shaders/Private/RayTracing/RayTracingDeferredMaterials.ush" 2182
"../../../Engine/Shaders/Shared/ThirdParty/AMD/ags_shader_intrinsics_dx12.h" 2183
"../../../Engine/Shaders/Private/RayTracing/RayTracingDeferredReflections.ush" 2184
"../../../Engine/Shaders/Private/RayTracing/RayTracingReflectionResolve.usf" 2185
"../../../Engine/Shaders/Private/RayTracing/RayTracingReflectionsGenerateRaysCS.usf" 2186
"../../../Engine/Shaders/Private/RayTracing/MaterialSort.usf" 2187
"../../../Engine/Shaders/Private/RayTracing/RayTracingDeferredMaterials.usf" 2188
"../../../Engine/Shaders/Private/RayTracing/RayTracingDefaultDecalHitShader.usf" 2189
"../../../Engine/Shaders/Private/RayTracing/RayTracingDecalMaterialShader.usf" 2190
"../../../Engine/Shaders/Private/PathTracing/PathTracingShaderUtils.ush" 2191
"../../../Engine/Shaders/Private/PathTracing/PathTracingCommon.ush" 2192
"../../../Engine/Shaders/Private/PathTracing/Material/PathTracingMaterialCommon.ush" 2193
"../../../Engine/Shaders/Private/RayTracing/RayTracingBuildDecalGrid.usf" 2194
"../../../Engine/Shaders/Private/RayTracing/RayTracingDebugInstanceOverlap.usf" 2195
"../../../Engine/Shaders/Private/RayTracing/RayTracingDebugPicking.usf" 2196
"../../../Engine/Shaders/Private/RayTracing/RayTracingDebugUtils.ush" 2197
"../../../Engine/Shaders/Shared/RayTracingDebugTypes.h" 2198
"../../../Engine/Shaders/Private/RayTracing/RayTracingDebugTraversal.usf" 2199
"../../../Engine/Shaders/Private/Nanite/NaniteRayTrace.ush" 2200
"../../../Engine/Shaders/Shared/ThirdParty/RayTriangleIntersection.h" 2201
"../../../Engine/Shaders/Shared/RayTracingDebugDefinitions.h" 2202
"../../../Engine/Shaders/Private/RayTracing/RayTracingDebugMS.usf" 2203
"../../../Engine/Shaders/Private/RayTracing/RayTracingDebugCHS.usf" 2204
"../../../Engine/Shaders/Private/RayTracing/RayTracingDebug.usf" 2205
"../../../Engine/Shaders/Private/RayTracing/RayTracingBuiltInShaders.usf" 2206
"../../../Engine/Shaders/Private/RayTracing/RayTracingBarycentrics.usf" 2207
"../../../Engine/Shaders/Private/RayTracing/RayTracingAmbientOcclusionRGS.usf" 2208
"../../../Engine/Shaders/Private/VisualizeShadingModels.usf" 2209
"../../../Engine/Shaders/Private/PostProcessCommon.ush" 2210
"../../../Engine/Shaders/Private/MotionBlur/VisualizeMotionVectors.usf" 2211
"../../../Engine/Shaders/Private/TemporalSuperResolution/TSRResolveHistory.usf" 2212
"../../../Engine/Shaders/Private/TemporalSuperResolution/TSRCommon.ush" 2213
"../../../Engine/Shaders/Public/DualPixelVectorization.ush" 2214
"../../../Engine/Shaders/Private/TemporalSuperResolution/TSRConvolutionNetwork.ush" 2215
"../../../Engine/Shaders/Public/LaneVectorization.ush" 2216
"../../../Engine/Shaders/Private/TemporalSuperResolution/TSRUpdateHistory.usf" 2217
"../../../Engine/Shaders/Private/TemporalSuperResolution/TSRFilterAntiAliasing.usf" 2218
"../../../Engine/Shaders/Private/TemporalSuperResolution/TSRSpatialAntiAliasing.usf" 2219
"../../../Engine/Shaders/Private/TemporalSuperResolution/TSRRejectShading.usf" 2220
"../../../Engine/Shaders/Private/TemporalSuperResolution/TSRDecimateHistory.usf" 2221
"../../../Engine/Shaders/Private/TemporalSuperResolution/TSRDilateVelocity.usf" 2222
"../../../Engine/Shaders/Private/MotionBlur/MotionBlurVelocityFlatten.ush" 2223
"../../../Engine/Shaders/Private/MotionBlur/MotionBlurCommon.ush" 2224
"../../../Engine/Shaders/Private/TemporalSuperResolution/TSRForwardScatterDepth.usf" 2225
"../../../Engine/Shaders/Private/TemporalSuperResolution/TSRClearPrevTextures.usf" 2226
"../../../Engine/Shaders/Private/TemporalSuperResolution/TSRComputeMoireLuma.usf" 2227
"../../../Engine/Shaders/Private/TemporalAA.usf" 2228
"../../../Engine/Shaders/Private/FilterPixelShader.usf" 2229
"../../../Engine/Shaders/Private/FilterVertexShader.usf" 2230
"../../../Engine/Shaders/Private/PostProcessVisualizeBuffer.usf" 2231
"../../../Engine/Shaders/Private/PostProcessVisualizeLocalExposure.usf" 2232
"../../../Engine/Shaders/Private/PostProcessHistogramCommon.ush" 2233
"../../../Engine/Shaders/Private/PostProcessVisualizeLevelInstance.usf" 2234
"../../../Engine/Shaders/Private/PostProcessVisualizeHDR.usf" 2235
"../../../Engine/Shaders/Private/ShaderComplexityApplyPixelShader.usf" 2236
"../../../Engine/Shaders/Private/QuadOverdraw.ush" 2237
"../../../Engine/Shaders/Private/PostProcessUpscale.usf" 2238
"../../../Engine/Shaders/Private/PostProcessTonemap.usf" 2239
"../../../Engine/Shaders/Private/PostProcessing/FilmGrainPackConstants.usf" 2240
"../../../Engine/Shaders/Private/PostProcessing/FilmGrainReduce.usf" 2241
"../../../Engine/Shaders/Private/PostProcessTestImage.usf" 2242
"../../../Engine/Shaders/Private/PostProcessSubsurface.usf" 2243
"../../../Engine/Shaders/Private/SeparableSSS.ush" 2244
"../../../Engine/Shaders/Private/SubsurfaceBurleyNormalized.ush" 2245
"../../../Engine/Shaders/Private/PostProcessSelectionOutline.usf" 2246
"../../../Engine/Shaders/Private/PostProcessPixelProjectedReflectionMobile.usf" 2247
"../../../Engine/Shaders/Private/MotionBlur/MotionBlurVisualize.usf" 2248
"../../../Engine/Shaders/Private/MotionBlur/MotionBlurApply.usf" 2249
"../../../Engine/Shaders/Private/MotionBlur/MotionBlurFilterTileClassify.usf" 2250
"../../../Engine/Shaders/Private/MotionBlur/MotionBlurTileScatter.usf" 2251
"../../../Engine/Shaders/Private/MotionBlur/MotionBlurTileGather.usf" 2252
"../../../Engine/Shaders/Private/MotionBlur/MotionBlurVelocityFlatten.usf" 2253
"../../../Engine/Shaders/Private/PostProcessMobile.usf" 2254
"../../../Engine/Shaders/Private/PostProcessMitchellNetravali.usf" 2255
"../../../Engine/Shaders/Private/PostProcessMaterialShaders.usf" 2256
"../../../Engine/Shaders/Private/PostProcessLocalExposure.usf" 2257
"../../../Engine/Shaders/Private/PostProcessLensFlares.usf" 2258
"../../../Engine/Shaders/Private/PostProcessHMD.usf" 2259
"../../../Engine/Shaders/Private/Histogram.usf" 2260
"../../../Engine/Shaders/Private/PostProcessHistogramReduce.usf" 2261
"../../../Engine/Shaders/Private/PostProcessHistogram.usf" 2262
"../../../Engine/Shaders/Private/PostProcessGBufferHints.usf" 2263
"../../../Engine/Shaders/Private/Bloom/BloomFinalizeApplyConstants.usf" 2264
"../../../Engine/Shaders/Private/Bloom/BloomCommon.ush" 2265
"../../../Engine/Shaders/Private/Bloom/BloomResizeKernel.usf" 2266
"../../../Engine/Shaders/Private/Bloom/BloomDownsampleKernel.usf" 2267
"../../../Engine/Shaders/Private/Bloom/BloomClampKernel.usf" 2268
"../../../Engine/Shaders/Private/Bloom/BloomPackKernelConstants.usf" 2269
"../../../Engine/Shaders/Private/Bloom/BloomSumScatterDispersionEnergy.usf" 2270
"../../../Engine/Shaders/Private/Bloom/BloomReduceKernelSurvey.usf" 2271
"../../../Engine/Shaders/Private/Bloom/BloomSurveyKernelCenterEnergy.usf" 2272
"../../../Engine/Shaders/Private/Bloom/BloomSurveyMaxScatterDispersion.usf" 2273
"../../../Engine/Shaders/Private/Bloom/BloomFindKernelCenter.usf" 2274
"../../../Engine/Shaders/Private/PostProcessEyeAdaptation.usf" 2275
"../../../Engine/Shaders/Private/TranslucencyVolumeCommon.ush" 2276
"../../../Engine/Shaders/Private/PostProcessDownsample.usf" 2277
"../../../Engine/Shaders/Private/PostProcessDOF.usf" 2278
"../../../Engine/Shaders/Private/PostProcessDeviceEncodingOnly.usf" 2279
"../../../Engine/Shaders/Private/PostProcessCompositePrimitives.usf" 2280
"../../../Engine/Shaders/Private/PostProcessCombineLUTs.usf" 2281
"../../../Engine/Shaders/Private/PostProcessVisualizeDOF.usf" 2282
"../../../Engine/Shaders/Private/PostProcessBloom.usf" 2283
"../../../Engine/Shaders/Private/PostProcessAmbientOcclusionMobile.usf" 2284
"../../../Engine/Shaders/Private/PostProcessAmbientOcclusionCommon.ush" 2285
"../../../Engine/Shaders/Private/FXAAShader.usf" 2286
"../../../Engine/Shaders/Private/Fxaa3_11.ush" 2287
"../../../Engine/Shaders/Private/DiaphragmDOF/DOFRecombine.usf" 2288
"../../../Engine/Shaders/Private/DiaphragmDOF/DOFCommon.ush" 2289
"../../../Engine/Shaders/Private/DiaphragmDOF/DOFHybridScatterPixelShader.usf" 2290
"../../../Engine/Shaders/Private/DiaphragmDOF/DOFHybridScatterCommon.ush" 2291
"../../../Engine/Shaders/Private/DiaphragmDOF/DOFHybridScatterVertexShader.usf" 2292
"../../../Engine/Shaders/Private/DiaphragmDOF/DOFPostfiltering.usf" 2293
"../../../Engine/Shaders/Private/DiaphragmDOF/DOFGatherTileSuggest.ush" 2294
"../../../Engine/Shaders/Private/DiaphragmDOF/DOFCocTileCommon.ush" 2295
"../../../Engine/Shaders/Private/DiaphragmDOF/DOFGatherPass.usf" 2296
"../../../Engine/Shaders/Private/DiaphragmDOF/DOFGatherCommon.ush" 2297
"../../../Engine/Shaders/Private/DiaphragmDOF/DOFGatherAccumulator.ush" 2298
"../../../Engine/Shaders/Private/DiaphragmDOF/DOFGatherKernel.ush" 2299
"../../../Engine/Shaders/Private/DiaphragmDOF/DOFBokehLUT.usf" 2300
"../../../Engine/Shaders/Private/DiaphragmDOF/DOFHybridScatterCompilation.usf" 2301
"../../../Engine/Shaders/Private/DiaphragmDOF/DOFReduce.usf" 2302
"../../../Engine/Shaders/Private/DiaphragmDOF/DOFDownsample.ush" 2303
"../../../Engine/Shaders/Private/DiaphragmDOF/DOFHybridScatterCompilation.ush" 2304
"../../../Engine/Shaders/Private/DiaphragmDOF/DOFDownsample.usf" 2305
"../../../Engine/Shaders/Private/DiaphragmDOF/DOFCocTileDilate.usf" 2306
"../../../Engine/Shaders/Private/DiaphragmDOF/DOFCocTileFlatten.usf" 2307
"../../../Engine/Shaders/Private/DiaphragmDOF/DOFSetup.usf" 2308
"../../../Engine/Shaders/Private/PlanarReflectionShaders.usf" 2309
"../../../Engine/Shaders/Private/PlanarReflectionShared.ush" 2310
"../../../Engine/Shaders/Private/PhysicsFieldVisualizer.usf" 2311
"../../../Engine/Shaders/Private/PathTracing/PathTracingSpatialTemporalDenoising.usf" 2312
"../../../Engine/Shaders/Private/ColorDifference.ush" 2313
"../../../Engine/Shaders/Private/PathTracing/PathTracingCompositingPixelShader.usf" 2314
"../../../Engine/Shaders/Private/PathTracing/PathTracingDefaultHitShader.usf" 2315
"../../../Engine/Shaders/Private/PathTracing/PathTracingGPULightmassMaterialHitShader.usf" 2316
"../../../Engine/Shaders/Private/PathTracing/PathTracingMaterialHitShader.usf" 2317
"../../../Engine/Shaders/Private/PathTracing/PathTracingLightingMissShader.usf" 2318
"../../../Engine/Shaders/Private/PathTracing/PathTracingMissShader.usf" 2319
"../../../Engine/Shaders/Private/PathTracing/PathTracingBuildAtmosphereLUT.usf" 2320
"../../../Engine/Shaders/Private/PathTracing/Volume/PathTracingAtmosphereCommon.ush" 2321
"../../../Engine/Shaders/Private/PathTracing/PathTracingSwizzleScanlines.usf" 2322
"../../../Engine/Shaders/Private/PathTracing/PathTracingInitExtinctionCoefficient.usf" 2323
"../../../Engine/Shaders/Private/PathTracing/PathTracing.usf" 2324
"../../../Engine/Shaders/Private/PathTracing/PathTracingCore.ush" 2325
"../../../Engine/Shaders/Private/HeterogeneousVolumes/HeterogeneousVolumesVoxelGridTypes.ush" 2326
"../../../Engine/Shaders/Private/RayTracing/RayTracingDecalGrid.ush" 2327
"../../../Engine/Shaders/Private/PathTracing/Utilities/PathTracingRIS.ush" 2328
"../../../Engine/Shaders/Private/PathTracing/Light/PathTracingLightGrid.ush" 2329
"../../../Engine/Shaders/Private/PathTracing/Material/PathTracingMaterialSampling.ush" 2330
"../../../Engine/Shaders/Private/PathTracing/Material/PathTracingLambert.ush" 2331
"../../../Engine/Shaders/Private/PathTracing/Material/PathTracingSubstrate.ush" 2332
"../../../Engine/Shaders/Private/PathTracing/Material/PathTracingSubstrateCommon.ush" 2333
"../../../Engine/Shaders/Private/PathTracing/Material/PathTracingSubstrateSolidGlass.ush" 2334
"../../../Engine/Shaders/Private/PathTracing/Material/PathTracingSubstrateThinGlass.ush" 2335
"../../../Engine/Shaders/Private/PathTracing/Material/PathTracingSolidGlass.ush" 2336
"../../../Engine/Shaders/Private/PathTracing/Material/PathTracingEnergyConservation.ush" 2337
"../../../Engine/Shaders/Private/PathTracing/Material/PathTracingThinGlass.ush" 2338
"../../../Engine/Shaders/Private/PathTracing/Material/PathTracingDefaultLit.ush" 2339
"../../../Engine/Shaders/Private/PathTracing/Material/PathTracingClearCoat.ush" 2340
"../../../Engine/Shaders/Private/PathTracing/Material/PathTracingTwoSidedFoliage.ush" 2341
"../../../Engine/Shaders/Private/PathTracing/Material/PathTracingCloth.ush" 2342
"../../../Engine/Shaders/Private/PathTracing/Material/PathTracingSubsurfaceProfile.ush" 2343
"../../../Engine/Shaders/Private/PathTracing/Material/PathTracingEye.ush" 2344
"../../../Engine/Shaders/Private/PathTracing/Material/PathTracingHair.ush" 2345
"../../../Engine/Shaders/Private/PathTracing/Material/PathTracingMedium.ush" 2346
"../../../Engine/Shaders/Private/PathTracing/Volume/PathTracingVolume.ush" 2347
"../../../Engine/Shaders/Private/PathTracing/Volume/PathTracingVolumeCommon.ush" 2348
"../../../Engine/Shaders/Private/PathTracing/Volume/PathTracingAtmosphere.ush" 2349
"../../../Engine/Shaders/Private/DoubleWordMath.ush" 2350
"../../../Engine/Shaders/Private/PathTracing/Volume/PathTracingFog.ush" 2351
"../../../Engine/Shaders/Private/PathTracing/Volume/PathTracingHeterogeneousVolumes.ush" 2352
"../../../Engine/Shaders/Private/HeterogeneousVolumes/HeterogeneousVolumesTracingUtils.ush" 2353
"../../../Engine/Shaders/Private/HeterogeneousVolumes/HeterogeneousVolumesVoxelGridTraversal.ush" 2354
"../../../Engine/Shaders/Private/HeterogeneousVolumes/HeterogeneousVolumesVoxelGridUtils.ush" 2355
"../../../Engine/Shaders/Private/HeterogeneousVolumes/HeterogeneousVolumesFrustumVoxelGridUtils.ush" 2356
"../../../Engine/Shaders/Private/PathTracing/Volume/PathTracingVolumeSampling.ush" 2357
"../../../Engine/Shaders/Private/PathTracing/PathTracingBuildLightGrid.usf" 2358
"../../../Engine/Shaders/Private/PathTracing/PathTracingSkylightMISCompensation.usf" 2359
"../../../Engine/Shaders/Private/PathTracing/PathTracingSkylightPrepare.usf" 2360
"../../../Engine/Shaders/Private/OIT/OITSorting.usf" 2361
"../../../Engine/Shaders/Private/OITCombine.usf" 2362
"../../../Engine/Shaders/Private/OITCommon.ush" 2363
"../../../Engine/Shaders/Private/Nanite/Voxel/RasterizeBricks.usf" 2364
"../../../Engine/Shaders/Private/Nanite/Voxel/Brick.ush" 2365
"../../../Engine/Shaders/Private/Nanite/Voxel/Voxel.ush" 2366
"../../../Engine/Shaders/Private/Nanite/Voxel/ScatterBricks.usf" 2367
"../../../Engine/Shaders/Private/Nanite/Voxel/TileBricks.usf" 2368
"../../../Engine/Shaders/Private/Nanite/Voxel/AutoVoxel.usf" 2369
"../../../Engine/Shaders/Private/Nanite/NaniteDebugViews.usf" 2370
"../../../Engine/Shaders/Private/Nanite/NaniteDepthDecode.usf" 2371
"../../../Engine/Shaders/Private/HTileEncoding.ush" 2372
"../../../Engine/Shaders/Private/VelocityCommon.ush" 2373
"../../../Engine/Shaders/Private/Nanite/NaniteVisualize.usf" 2374
"../../../Engine/Shaders/Private/Nanite/NaniteStreamOut.usf" 2375
"../../../Engine/Shaders/Private/Nanite/NaniteHierarchyTraversal.ush" 2376
"../../../Engine/Shaders/Private/Nanite/NaniteShadeBinning.usf" 2377
"../../../Engine/Shaders/Private/Nanite/NaniteShadeCommon.ush" 2378
"../../../Engine/Shaders/Private/Nanite/NaniteMaterialCulling.usf" 2379
"../../../Engine/Shaders/Private/Nanite/NaniteFastClear.usf" 2380
"../../../Engine/Shaders/Private/Nanite/NaniteDepthExport.usf" 2381
"../../../Engine/Shaders/Private/Nanite/NaniteExportGBuffer.usf" 2382
"../../../Engine/Shaders/Private/Nanite/NaniteClusterCulling.usf" 2383
"../../../Engine/Shaders/Private/Nanite/NanitePrintStats.usf" 2384
"../../../Engine/Shaders/Private/Nanite/NaniteRasterizer.usf" 2385
"../../../Engine/Shaders/Private/Nanite/NaniteRasterizationCommon.ush" 2386
"../../../Engine/Shaders/Private/Nanite/NaniteRasterizer.ush" 2387
"../../../Engine/Shaders/Private/Nanite/NaniteWritePixel.ush" 2388
"../../../Engine/Shaders/Private/Nanite/NaniteTessellation.ush" 2389
"../../../Engine/Shaders/Private/WorkDistribution.ush" 2390
"../../../Engine/Shaders/Private/Nanite/NaniteDice.ush" 2391
"../../../Engine/Shaders/Private/Nanite/NaniteSplit.usf" 2392
"../../../Engine/Shaders/Private/Nanite/NaniteRasterBinning.usf" 2393
"../../../Engine/Shaders/Private/Nanite/NaniteInstanceCulling.usf" 2394
"../../../Engine/Shaders/Private/Nanite/NaniteImposter.ush" 2395
"../../../Engine/Shaders/Shared/SceneCullingDefinitions.h" 2396
"../../../Engine/Shaders/Private/Nanite/NaniteInstanceHierarchyCulling.usf" 2397
"../../../Engine/Shaders/Private/Nanite/NanitePrimitiveFilter.usf" 2398
"../../../Engine/Shaders/Private/Nanite/NaniteRasterClear.usf" 2399
"../../../Engine/Shaders/Private/Nanite/NaniteEmitShadow.usf" 2400
"../../../Engine/Shaders/Private/MobileDeferredUtils.usf" 2401
"../../../Engine/Shaders/Private/MobileLocalLightPrepass.usf" 2402
"../../../Engine/Shaders/Private/MobileFog.usf" 2403
"../../../Engine/Shaders/Private/DistortApplyScreenPS.usf" 2404
"../../../Engine/Shaders/Private/MobileDeferredShading.usf" 2405
"../../../Engine/Shaders/Private/MobileLightingCommon.ush" 2406
"../../../Engine/Shaders/Private/MobileBasePassPixelShader.usf" 2407
"../../../Engine/Shaders/Private/MobileBasePassCommon.ush" 2408
"../../../Engine/Shaders/Private/BasePassCommon.ush" 2409
"../../../Engine/Shaders/Private/ShadingModelsMaterial.ush" 2410
"../../../Engine/Shaders/Private/ThinTranslucentCommon.ush" 2411
"../../../Engine/Shaders/Private/SingleLayerWaterShading.ush" 2412
"../../../Engine/Shaders/Private/DistortionCommon.ush" 2413
"../../../Engine/Shaders/Private/Strata/StrataMobileForwardLighting.ush" 2414
"../../../Engine/Shaders/Private/MobileBasePassVertexShader.usf" 2415
"../../../Engine/Shaders/Private/Lumen/LumenVisualizeRadianceCache.usf" 2416
"../../../Engine/Shaders/Private/Lumen/LumenRadianceCacheCommon.ush" 2417
"../../../Engine/Shaders/Private/Lumen/LumenVisualizeHardwareRayTracing.usf" 2418
"../../../Engine/Shaders/Private/Lumen/LumenCardCommon.ush" 2419
"../../../Engine/Shaders/Private/Lumen/LumenTracingCommon.ush" 2420
"../../../Engine/Shaders/Private/Lumen/SurfaceCache/LumenSurfaceCacheSampling.ush" 2421
"../../../Engine/Shaders/Private/Lumen/SurfaceCache/LumenSurfaceCache.ush" 2422
"../../../Engine/Shaders/Private/Lumen/LumenVisualize.ush" 2423
"../../../Engine/Shaders/Private/Lumen/LumenHardwareRayTracingCommon.ush" 2424
"../../../Engine/Shaders/Private/Lumen/LumenHardwareRayTracingPlatformCommon.ush" 2425
"../../../Engine/Shaders/Private/Lumen/LumenReflectionsCombine.ush" 2426
"../../../Engine/Shaders/Private/Lumen/LumenHairTracing.ush" 2427
"../../../Engine/Shaders/Private/Lumen/LumenVisualize.usf" 2428
"../../../Engine/Shaders/Private/Lumen/LumenSoftwareRayTracing.ush" 2429
"../../../Engine/Shaders/Private/DistanceField/GlobalDistanceFieldUtils.ush" 2430
"../../../Engine/Shaders/Private/DistanceField/GlobalDistanceFieldObjectGrid.ush" 2431
"../../../Engine/Shaders/Private/DistanceFieldLightingShared.ush" 2432
"../../../Engine/Shaders/Private/Lumen/LumenVisualizeTraces.ush" 2433
"../../../Engine/Shaders/Private/Lumen/LumenTranslucencyVolumeLighting.usf" 2434
"../../../Engine/Shaders/Private/Lumen/LumenRadianceCacheMarkCommon.ush" 2435
"../../../Engine/Shaders/Private/Lumen/LumenTranslucencyVolumeLightingShared.ush" 2436
"../../../Engine/Shaders/Private/Lumen/LumenScreenProbeCommon.ush" 2437
"../../../Engine/Shaders/Private/Lumen/LumenTranslucencyVolumeHardwareRayTracing.usf" 2438
"../../../Engine/Shaders/Private/Lumen/LumenTranslucencyRadianceCacheMarkShaders.usf" 2439
"../../../Engine/Shaders/Private/Lumen/SurfaceCache/LumenSurfaceCacheFeedback.usf" 2440
"../../../Engine/Shaders/Private/Lumen/SurfaceCache/LumenSurfaceCache.usf" 2441
"../../../Engine/Shaders/Private/Lumen/LumenShortRangeAOHardwareRayTracing.usf" 2442
"../../../Engine/Shaders/Private/Lumen/LumenMaterial.ush" 2443
"../../../Engine/Shaders/Private/Lumen/LumenScreenSpaceBentNormal.usf" 2444
"../../../Engine/Shaders/Private/Lumen/LumenScreenTracing.ush" 2445
"../../../Engine/Shaders/Private/Lumen/LumenScreenProbeTracing.usf" 2446
"../../../Engine/Shaders/Private/Lumen/LumenScreenProbeTracingCommon.ush" 2447
"../../../Engine/Shaders/Private/Lumen/LumenScreenProbeImportanceSampling.usf" 2448
"../../../Engine/Shaders/Private/Lumen/LumenScreenProbeImportanceSamplingShared.ush" 2449
"../../../Engine/Shaders/Private/Lumen/LumenScreenProbeHardwareRayTracing.usf" 2450
"../../../Engine/Shaders/Private/Lumen/LumenScreenProbeGather.usf" 2451
"../../../Engine/Shaders/Private/Lumen/LumenScreenSpaceBentNormal.ush" 2452
"../../../Engine/Shaders/Private/Lumen/LumenScreenProbeLightSampling.usf" 2453
"../../../Engine/Shaders/Private/Lumen/LumenScreenProbeFiltering.usf" 2454
"../../../Engine/Shaders/Private/Lumen/LumenSceneLighting.usf" 2455
"../../../Engine/Shaders/Private/Lumen/LumenCardTile.ush" 2456
"../../../Engine/Shaders/Private/Lumen/LumenSceneLighting.ush" 2457
"../../../Engine/Shaders/Private/Lumen/Radiosity/LumenRadiosity.ush" 2458
"../../../Engine/Shaders/Private/Lumen/LumenSceneLightingDebug.usf" 2459
"../../../Engine/Shaders/Private/Lumen/LumenScene.usf" 2460
"../../../Engine/Shaders/Private/Lumen/LumenSceneDirectLightingHardwareRayTracing.usf" 2461
"../../../Engine/Shaders/Private/Lumen/LumenReflectionCommon.ush" 2462
"../../../Engine/Shaders/Private/Lumen/LumenSceneDirectLighting.ush" 2463
"../../../Engine/Shaders/Private/Lumen/LumenSceneDirectLightingSoftwareRayTracing.usf" 2464
"../../../Engine/Shaders/Private/DistanceFieldShadowingShared.ush" 2465
"../../../Engine/Shaders/Private/Lumen/LumenSceneDirectLightingPerLightShadowCommon.ush" 2466
"../../../Engine/Shaders/Private/Lumen/LumenSceneDirectLightingShadowMask.usf" 2467
"../../../Engine/Shaders/Private/Lumen/LumenSceneDirectLighting.usf" 2468
"../../../Engine/Shaders/Private/Lumen/LumenSceneDirectLightingCulling.usf" 2469
"../../../Engine/Shaders/Private/Lumen/LumenCardPixelShader.usf" 2470
"../../../Engine/Shaders/Private/Lumen/LumenCardVertexShader.usf" 2471
"../../../Engine/Shaders/Private/Lumen/LumenReflectionTracing.usf" 2472
"../../../Engine/Shaders/Private/Lumen/LumenReflections.usf" 2473
"../../../Engine/Shaders/Private/Lumen/LumenReflectionHardwareRayTracing.usf" 2474
"../../../Engine/Shaders/Private/Lumen/Radiosity/LumenVisualizeRadiosityProbes.usf" 2475
"../../../Engine/Shaders/Private/Lumen/Radiosity/LumenRadiosity.usf" 2476
"../../../Engine/Shaders/Private/RayTracing/RayGenUtils.ush" 2477
"../../../Engine/Shaders/Private/Lumen/Radiosity/LumenRadiosityHardwareRayTracing.usf" 2478
"../../../Engine/Shaders/Private/Lumen/Radiosity/LumenRadiosityCulling.usf" 2479
"../../../Engine/Shaders/Private/Lumen/LumenRadianceCacheHardwareRayTracing.usf" 2480
"../../../Engine/Shaders/Private/Lumen/LumenRadianceCacheTracingCommon.ush" 2481
"../../../Engine/Shaders/Private/Lumen/LumenRadianceCache.usf" 2482
"../../../Engine/Shaders/Private/Lumen/LumenRadianceCacheUpdate.ush" 2483
"../../../Engine/Shaders/Private/Lumen/LumenRadianceCacheDebug.usf" 2484
"../../../Engine/Shaders/Private/Lumen/LumenRadianceCacheUpdate.usf" 2485
"../../../Engine/Shaders/Private/Lumen/LumenMeshSDFCulling.usf" 2486
"../../../Engine/Shaders/Private/HybridIndirectLighting.ush" 2487
"../../../Engine/Shaders/Private/MeshDistanceFieldCommon.ush" 2488
"../../../Engine/Shaders/Private/Lumen/LumenIrradianceFieldGather.usf" 2489
"../../../Engine/Shaders/Private/Lumen/LumenHardwareRayTracingMaterials.usf" 2490
"../../../Engine/Shaders/Private/Lumen/LumenFrontLayerTranslucency.usf" 2491
"../../../Engine/Shaders/Private/LocalHeightFog.usf" 2492
"../../../Engine/Shaders/Private/LightShaftShader.usf" 2493
"../../../Engine/Shaders/Private/StationaryLightOverlapShaders.usf" 2494
"../../../Engine/Shaders/Private/DeferredLightPixelShaders.usf" 2495
"../../../Engine/Shaders/Private/HairStrands/HairStrandsVisibilityUtils.ush" 2496
"../../../Engine/Shaders/Private/DeferredLightVertexShaders.usf" 2497
"../../../Engine/Shaders/Private/LightMapDensityShader.usf" 2498
"../../../Engine/Shaders/Private/LightGridInjection.usf" 2499
"../../../Engine/Shaders/Private/LightFunctionPixelShader.usf" 2500
"../../../Engine/Shaders/Private/LightFunctionVertexShader.usf" 2501
"../../../Engine/Shaders/Private/InstanceCulling/BuildInstanceDrawCommands.usf" 2502
"../../../Engine/Shaders/Private/InstanceCulling/InstanceCompactionCommon.ush" 2503
"../../../Engine/Shaders/Private/InstanceCulling/CompactVisibleInstances.usf" 2504
"../../../Engine/Shaders/Private/ReflectionEnvironmentPixelShader.usf" 2505
"../../../Engine/Shaders/Private/Strata/StrataEnvironmentLighting.ush" 2506
"../../../Engine/Shaders/Private/AmbientCubemapComposite.usf" 2507
"../../../Engine/Shaders/Private/DiffuseIndirectComposite.usf" 2508
"../../../Engine/Shaders/Private/IESAtlas.usf" 2509
"../../../Engine/Shaders/Private/HeterogeneousVolumes/HeterogeneousVolumesVoxelGridRendering.usf" 2510
"../../../Engine/Shaders/Private/HeterogeneousVolumes/HeterogeneousVolumesVoxelGridPipeline.usf" 2511
"../../../Engine/Shaders/Private/HeterogeneousVolumes/HeterogeneousVolumesMaterialBakingPipeline.usf" 2512
"../../../Engine/Shaders/Private/HeterogeneousVolumes/HeterogeneousVolumesLiveShadingUtils.ush" 2513
"../../../Engine/Shaders/Private/HeterogeneousVolumes/HeterogeneousVolumesFrustumVoxelGrid.usf" 2514
"../../../Engine/Shaders/Private/HeterogeneousVolumes/HeterogeneousVolumesSparseVoxelPipeline.usf" 2515
"../../../Engine/Shaders/Private/HeterogeneousVolumes/HeterogeneousVolumesSparseVoxelUtils.ush" 2516
"../../../Engine/Shaders/Private/HeterogeneousVolumes/HeterogeneousVolumesSparseVoxelUniformBufferUtils.ush" 2517
"../../../Engine/Shaders/Private/HeterogeneousVolumes/HeterogeneousVolumesPreshadingPipeline.usf" 2518
"../../../Engine/Shaders/Private/HeterogeneousVolumes/HeterogeneousVolumesLightingUtils.ush" 2519
"../../../Engine/Shaders/Private/HeterogeneousVolumes/HeterogeneousVolumesRayMarchingUtils.ush" 2520
"../../../Engine/Shaders/Private/HeterogeneousVolumes/HeterogeneousVolumesTransmittanceVolumeUtils.ush" 2521
"../../../Engine/Shaders/Private/HeterogeneousVolumes/HeterogeneousVolumesLiveShadingPipeline.usf" 2522
"../../../Engine/Shaders/Private/HeterogeneousVolumes/HeterogeneousVolumesHardwareRayTracing.usf" 2523
"../../../Engine/Shaders/Private/HeterogeneousVolumes/HeterogeneousVolumesComposite.usf" 2524
"../../../Engine/Shaders/Private/HdrCustomResolveShaders.usf" 2525
"../../../Engine/Shaders/Private/HairStrands/HairStrandsVoxelRasterCompute.usf" 2526
"../../../Engine/Shaders/Private/Matrices.ush" 2527
"../../../Engine/Shaders/Private/HairStrands/HairStrandsAABBCommon.ush" 2528
"../../../Engine/Shaders/Private/HairStrands/HairStrandsClusterCommon.ush" 2529
"../../../Engine/Shaders/Private/HairStrands/HairStrandsRaytracingGeometry.usf" 2530
"../../../Engine/Shaders/Private/HairStrands/HairStrandsHitProxy.usf" 2531
"../../../Engine/Shaders/Private/HairStrands/HairStrandsVisibilityRasterComputeNaive.usf" 2532
"../../../Engine/Shaders/Private/HairStrands/HairStrandsVisibilityRasterHW.usf" 2533
"../../../Engine/Shaders/Private/HairStrands/HairStrandsVisibilityRasterCompute.usf" 2534
"../../../Engine/Shaders/Private/HairStrands/HairStrandsVisibilityRasterClassification.usf" 2535
"../../../Engine/Shaders/Private/HairStrands/HairStrandsCoverage.usf" 2536
"../../../Engine/Shaders/Private/HairStrands/HairStrandsVisibilityDepthPS.usf" 2537
"../../../Engine/Shaders/Private/HairStrands/HairStrandsVisibilityTransmittanceDepthPS.usf" 2538
"../../../Engine/Shaders/Private/HairStrands/HairStrandsVisibilityFillOpaqueDepthPS.usf" 2539
"../../../Engine/Shaders/Private/HairStrands/HairStrandsVisibilityCompactionComputeRaster.usf" 2540
"../../../Engine/Shaders/Private/HairStrands/HairStrandsVisibilityCompaction.usf" 2541
"../../../Engine/Shaders/Private/HairStrands/HairStrandsVisibilityCopyIndirectArg.usf" 2542
"../../../Engine/Shaders/Private/HairStrands/HairStrandsVisibilityClearPS.usf" 2543
"../../../Engine/Shaders/Private/HairStrands/HairStrandsVisibilityPS.usf" 2544
"../../../Engine/Shaders/Private/HairStrands/HairStrandsVisibilityVS.usf" 2545
"../../../Engine/Shaders/Private/HairStrands/HairStrandsVelocity.usf" 2546
"../../../Engine/Shaders/Private/HairStrands/HairStrandsDebug.usf" 2547
"../../../Engine/Shaders/Private/HairStrands/HairStrandsBindingCommon.ush" 2548
"../../../Engine/Shaders/Private/HairStrands/HairStrandsDeepShadowCommon.ush" 2549
"../../../Engine/Shaders/Private/HairStrands/HairStrandsDebugCommonStruct.ush" 2550
"../../../Engine/Shaders/Private/HairStrands/HairStrandsVisibilityComputeSampleCoverage.usf" 2551
"../../../Engine/Shaders/Private/HairStrands/HairStrandsMaterialPS.usf" 2552
"../../../Engine/Shaders/Private/HairStrands/HairStrandsMaterialCommon.ush" 2553
"../../../Engine/Shaders/Private/HairStrands/HairStrandsMaterialVS.usf" 2554
"../../../Engine/Shaders/Private/HairStrands/HairStrandsLightSample.usf" 2555
"../../../Engine/Shaders/Private/HairStrands/HairStrandsDeepShadowMask.usf" 2556
"../../../Engine/Shaders/Private/HairStrands/HairStrandsDeepTransmittanceMask.usf" 2557
"../../../Engine/Shaders/Private/HairStrands/HairStrandsVisibilityTile.usf" 2558
"../../../Engine/Shaders/Private/HairStrands/HairStrandsDeepShadowPS.usf" 2559
"../../../Engine/Shaders/Private/HairStrands/HairStrandsDeepShadowVS.usf" 2560
"../../../Engine/Shaders/Private/HairStrands/HairStrandsLUT.usf" 2561
"../../../Engine/Shaders/Private/HairStrands/HairStrandsForwardRaster.usf" 2562
"../../../Engine/Shaders/Private/HairStrands/HairStrandsForwardCulling.usf" 2563
"../../../Engine/Shaders/Private/HairStrands/HairStrandsEnvironmentLighting.usf" 2564
"../../../Engine/Shaders/Private/HairStrands/HairStrandsEnvironmentAO.usf" 2565
"../../../Engine/Shaders/Private/HairStrands/HairStrandsDeepShadowAllocation.usf" 2566
"../../../Engine/Shaders/Private/HairStrands/HairStrandsVoxelDebug.usf" 2567
"../../../Engine/Shaders/Private/HairStrands/HairStrandsGBufferWrite.usf" 2568
"../../../Engine/Shaders/Private/HairStrands/HairStrandsGBufferCommon.ush" 2569
"../../../Engine/Shaders/Private/HairStrands/HairStrandsVisibilityComposeSubPixelPS.usf" 2570
"../../../Engine/Shaders/Private/HairStrands/HairStrandsAABB.usf" 2571
"../../../Engine/Shaders/Private/GPUScene/GPUSceneDataManagement.usf" 2572
"../../../Engine/Shaders/Private/GPUSceneDebugRender.usf" 2573
"../../../Engine/Shaders/Private/GPUFastFourierTransform.usf" 2574
"../../../Engine/Shaders/Private/GPUFastFourierTransform2DCore.ush" 2575
"../../../Engine/Shaders/Private/GPUFastFourierTransformCore.ush" 2576
"../../../Engine/Shaders/Private/GPUBenchmark.usf" 2577
"../../../Engine/Shaders/Private/DistanceField/GlobalDistanceFieldDebug.usf" 2578
"../../../Engine/Shaders/Private/DistanceField/GlobalDistanceFieldMip.usf" 2579
"../../../Engine/Shaders/Private/DistanceField/GlobalDistanceField.usf" 2580
"../../../Engine/Shaders/Private/DistanceField/GlobalDistanceFieldUpdate.ush" 2581
"../../../Engine/Shaders/Private/DistanceField/GlobalDistanceFieldCompositeObjects.usf" 2582
"../../../Engine/Shaders/Private/DistanceField/GlobalDistanceFieldHeightfields.usf" 2583
"../../../Engine/Shaders/Private/HeightfieldLightingShared.ush" 2584
"../../../Engine/Shaders/Private/GenerateConservativeDepth.usf" 2585
"../../../Engine/Shaders/Private/HeightFogPixelShader.usf" 2586
"../../../Engine/Shaders/Private/HeightFogVertexShader.usf" 2587
"../../../Engine/Shaders/Private/DistortFiltering.usf" 2588
"../../../Engine/Shaders/Private/DistortAccumulatePS.usf" 2589
"../../../Engine/Shaders/Private/DistortAccumulateVS.usf" 2590
"../../../Engine/Shaders/Private/DistanceFieldVisualization.usf" 2591
"../../../Engine/Shaders/Private/DistanceFieldStreaming.usf" 2592
"../../../Engine/Shaders/Private/DistanceFieldShadowing.usf" 2593
"../../../Engine/Shaders/Private/DistanceFieldScreenGridLighting.usf" 2594
"../../../Engine/Shaders/Private/DistanceFieldObjectCulling.usf" 2595
"../../../Engine/Shaders/Private/DistanceFieldLightingPost.usf" 2596
"../../../Engine/Shaders/Private/DitheredTransitionStencil.usf" 2597
"../../../Engine/Shaders/Private/CopyDepthTextureCS.usf" 2598
"../../../Engine/Shaders/Private/DeferredDecal.usf" 2599
"../../../Engine/Shaders/Private/DecalCommon.ush" 2600
"../../../Engine/Shaders/Private/DebugViewModeVertexShader.usf" 2601
"../../../Engine/Shaders/Private/DebugViewModeCommon.ush" 2602
"../../../Engine/Shaders/Private/DebugViewModePixelShader.usf" 2603
"../../../Engine/Shaders/Private/DebugProbes.usf" 2604
"../../../Engine/Shaders/Private/MeshDecals.usf" 2605
"../../../Engine/Shaders/Private/PostProcessAmbientOcclusion.usf" 2606
"../../../Engine/Shaders/Private/ClusteredDeferredShadingPixelShader.usf" 2607
"../../../Engine/Shaders/Private/ClusteredDeferredShadingVertexShader.usf" 2608
"../../../Engine/Shaders/Private/CapsuleShadowShaders.usf" 2609
"../../../Engine/Shaders/Private/BasePassPixelShader.usf" 2610
"../../../Engine/Shaders/Private/ForwardLightingCommon.ush" 2611
"../../../Engine/Shaders/Private/Strata/StrataForwardLighting.ush" 2612
"../../../Engine/Shaders/Private/ComputeShaderOutputCommon.ush" 2613
"../../../Engine/Shaders/Private/BasePassVertexShader.usf" 2614
"../../../Engine/Shaders/Private/BasePassVertexCommon.ush" 2615
"../../../Engine/Shaders/Private/SimpleElementVolumeTexturePreviewPixelShader.usf" 2616
"../../../Engine/Shaders/Private/SimpleElementTexture2DPreviewPixelShader.usf" 2617
"../../../Engine/Shaders/Private/meshpaintdilatepixelshader.usf" 2618
"../../../Engine/Shaders/Private/meshpaintdilatevertexshader.usf" 2619
"../../../Engine/Shaders/Private/MeshPaintPixelShader.usf" 2620
"../../../Engine/Shaders/Private/MeshPaintVertexShader.usf" 2621
"../../../Engine/Shaders/Private/Tools/VisualizeTexture.usf" 2622
"../../../Engine/Shaders/Private/ByteBuffer.usf" 2623
"../../../Engine/Shaders/Private/ResolveVertexShader.usf" 2624
"../../../Engine/Shaders/Private/ResolvePixelShader.usf" 2625
"../../../Engine/Shaders/Private/Tools/SetupIndirectArgs.usf" 2626
"../../../Engine/Shaders/Private/Tools/ClearUAV.usf" 2627
"../../../Engine/Shaders/Private/ClearReplacementShaders.usf" 2628
"../../../Engine/Shaders/Private/Tools/DrawTexture.usf" 2629
"../../../Engine/Shaders/Private/RayTracing/RayTracingValidation.usf" 2630
"../../../Engine/Shaders/Private/RenderGraphUtilities.usf" 2631
"../../../Engine/Shaders/Private/OneColorShader.usf" 2632
"../../../Engine/Shaders/Private/OculusShaders.usf" 2633
"../../../Engine/Shaders/Private/MediaShaders.usf" 2634
"../../../Engine/Shaders/Private/GPUMessaging.usf" 2635
"../../../Engine/Shaders/Private/NullPixelShader.usf" 2636
"../../../Engine/Shaders/Private/ComputeGenerateMips.usf" 2637
"../../../Engine/Shaders/Private/Tools/DumpTexture.usf" 2638
"../../../Engine/Shaders/Private/CopyTextureShaders.usf" 2639
"../../../Engine/Shaders/Private/Tools/FullscreenVertexShader.usf" 2640
"../../../Engine/Shaders/Private/RayTracing/RayTracingDispatchDesc.usf" 2641
"../../../Engine/Shaders/Private/Bink.usf" 2642
"../../../Engine/Shaders/Private/VelocityShader.usf" 2643
"../../../Engine/Shaders/Private/DepthOnlyPixelShader.usf" 2644
"../../../Engine/Shaders/Private/PositionOnlyDepthVertexShader.usf" 2645
"../../../Engine/Shaders/Private/DepthOnlyVertexShader.usf" 2646
"../../../Engine/Shaders/Private/AnisotropyPassShader.usf" 2647
"../../../../../../Unreal_Study/UE5/UE_Project/MyProject/Intermediate/ShaderAutogen/PCD3D_SM5/AutogenShaderHeaders.ush" 2648
"../../../Engine/Content/EditorResources/S_Actor.uasset" 2649
"C:/Users/???/AppData/Local/UnrealEngine/Common/DerivedDataCache/Buckets/BulkDataList/a6/11/bfde33566fe2bcdf416440ef108f9a901ae4.udd" 2650
"../../../../../../Unreal_Study/UE5/UE_Project/MyProject/Intermediate/ShaderAutogen/PCD3D_SM6/AutogenShaderHeaders.ush" 2651
"../../../Engine/Content/EditorResources/S_BoxReflectionCapture.uasset" 2652
"C:/Users/???/AppData/Local/UnrealEngine/Common/DerivedDataCache/Buckets/BulkDataList/60/b8/eeda7ede493a5febc7f49cc65daf20e90765.udd" 2653
"../../../Engine/Content/EngineResources/DefaultTexture.uasset" 2654
"C:/Users/???/AppData/Local/UnrealEngine/Common/DerivedDataCache/Buckets/BulkDataList/a2/46/e33662dabffa6a5f70a59bff74d8c8e5a74e.udd" 2655
"../../../Engine/Content/EngineResources/DefaultTextureCube.uasset" 2656
"C:/Users/???/AppData/Local/UnrealEngine/Common/DerivedDataCache/Buckets/BulkDataList/a5/4c/357c5487b863f242ad62017d38e7ec890050.udd" 2657
"../../../Engine/Content/EngineResources/DefaultVolumeTexture.uasset" 2658
"../../../Engine/Content/EngineResources/DefaultVolumeTexture2D.uasset" 2659
"C:/Users/???/AppData/Local/UnrealEngine/Common/DerivedDataCache/Buckets/BulkDataList/d9/94/076fe10e9146b0831c2c7a8f1cf25d713d4a.udd" 2660
"C:/Users/???/AppData/Local/UnrealEngine/Common/DerivedDataCache/Buckets/BulkDataList/dc/03/7ff5222411647482b228e484a1f3a09729d7.udd" 2661
"../../../Engine/Content/EngineFonts/RobotoDistanceField.uasset" 2662
"C:/Users/???/AppData/Local/UnrealEngine/Common/DerivedDataCache/Buckets/BulkDataList/9f/36/059f2816d482fc3f344fa999ba24664ad774.udd" 2663
"../../../Engine/Content/EngineMaterials/DefaultTextMaterialOpaque.uasset" 2664
"../../../Engine/Content/Functions/Engine_MaterialFunctions01/Shading/PowerToRoughness.uasset" 2665
"../../../Engine/Content/Functions/Engine_MaterialFunctions01/Shading/ConvertFromDiffSpec.uasset" 2666
"../../../Engine/Content/EngineMaterials/WorldGridMaterial.uasset" 2667
"../../../Engine/Content/Functions/Engine_MaterialFunctions01/Opacity/CameraDepthFade.uasset" 2668
"../../../Engine/Content/EngineMaterials/T_Default_Material_Grid_M.uasset" 2669
"../../../Engine/Content/EngineMaterials/T_Default_Material_Grid_N.uasset" 2670
"../../../Engine/Content/EngineMaterials/DefaultDeferredDecalMaterial.uasset" 2671
"../../../Engine/Content/EngineMaterials/DefaultDiffuse.uasset" 2672
"../../../Engine/Content/EngineMaterials/DefaultLightFunctionMaterial.uasset" 2673
"../../../Engine/Content/EngineMaterials/DefaultPostProcessMaterial.uasset" 2674
"../../../Engine/Content/Functions/Engine_MaterialFunctions02/Utility/BreakOutFloat2Components.uasset" 2675
"C:/Users/???/AppData/Local/UnrealEngine/Common/DerivedDataCache/Buckets/BulkDataList/e4/34/dfc7abc2e0b1a140c2d85d27e383ed86607c.udd" 2676
"C:/Users/???/AppData/Local/UnrealEngine/Common/DerivedDataCache/Buckets/BulkDataList/f8/72/3e0f526b75db9dadae777a4883f04d6bbe3b.udd" 2677
"C:/Users/???/AppData/Local/UnrealEngine/Common/DerivedDataCache/Buckets/BulkDataList/3b/0c/db7084664f0380678ef8a524b602cb593f3a.udd" 2678
"../../../Engine/Content/EditorResources/S_Trigger.uasset" 2679
"C:/Users/???/AppData/Local/UnrealEngine/Common/DerivedDataCache/Buckets/BulkDataList/8b/25/8382f129ff45a992f852b7a1e89de78304c9.udd" 2680
"../../../Engine/Content/EditorResources/S_TriggerBox.uasset" 2681
"C:/Users/???/AppData/Local/UnrealEngine/Common/DerivedDataCache/Buckets/BulkDataList/13/4a/73fd8111189c520e9ba4252bd3161225c422.udd" 2682
"../../../Engine/Content/EditorResources/S_TriggerCapsule.uasset" 2683
"C:/Users/???/AppData/Local/UnrealEngine/Common/DerivedDataCache/Buckets/BulkDataList/bb/b0/313f5fac144312b817645682ffac916da882.udd" 2684
"../../../Engine/Content/EditorResources/S_TriggerSphere.uasset" 2685
"C:/Users/???/AppData/Local/UnrealEngine/Common/DerivedDataCache/Buckets/BulkDataList/c0/fa/87b9b05f3f04e1af9225b2135bd3c10bbba2.udd" 2686
"../../../Engine/Content/EngineDamageTypes/DmgTypeBP_Environmental.uasset" 2687
"../../../Engine/Content/EngineSky/VolumetricClouds/m_SimpleVolumetricCloud_Inst.uasset" 2688
"../../../Engine/Content/EngineSky/VolumetricClouds/m_SimpleVolumetricCloud.uasset" 2689
"../../../Engine/Content/Functions/Engine_MaterialFunctions02/Utility/MakeFloat2.uasset" 2690
"../../../Engine/Content/EngineSky/VolumetricClouds/CloudGradientTexture.uasset" 2691
"../../../Engine/Content/EngineSky/VolumetricClouds/CloudWeatherTexture.uasset" 2692
"../../../Engine/Content/EngineSky/VolumetricClouds/T_VolumeNoiseErosion32.uasset" 2693
"../../../Engine/Content/EngineSky/VolumetricClouds/T_NoiseErosion.uasset" 2694
"../../../Engine/Content/EngineSky/VolumetricClouds/T_VolumeNoiseShape64.uasset" 2695
"../../../Engine/Content/EngineSky/VolumetricClouds/T_NoiseShape64.uasset" 2696
"C:/Users/???/AppData/Local/UnrealEngine/Common/DerivedDataCache/Buckets/BulkDataList/a1/13/259a2f763cfbd128ef25e9e7eaa7e2e68568.udd" 2697
"C:/Users/???/AppData/Local/UnrealEngine/Common/DerivedDataCache/Buckets/BulkDataList/4a/a3/e2c648dddc46b8575e58a2edc66e14dddc69.udd" 2698
"C:/Users/???/AppData/Local/UnrealEngine/Common/DerivedDataCache/Buckets/BulkDataList/d3/95/f4eb32b3ebaf5ae384840d253ad4a74e2649.udd" 2699
"C:/Users/???/AppData/Local/UnrealEngine/Common/DerivedDataCache/Buckets/BulkDataList/b1/b4/399f3505cb497ce0fcf02e66d66442f0559e.udd" 2700
"C:/Users/???/AppData/Local/UnrealEngine/Common/DerivedDataCache/Buckets/BulkDataList/75/d2/5f71ab5d8d88fade1c66a955c46eb6f7c418.udd" 2701
"C:/Users/???/AppData/Local/UnrealEngine/Common/DerivedDataCache/Buckets/BulkDataList/e8/b5/e8dfb6638106d876f3acdfd1bcd41ac9120d.udd" 2702
"../../../Engine/Content/EngineMeshes/Sphere.uasset" 2703
"C:/Users/???/AppData/Local/UnrealEngine/Common/DerivedDataCache/Buckets/LegacyNavCollision/51/68/0fc6bc0e92f39af7f3950b9d76f142e2dfc8.udd" 2704
"../../../Engine/Content/EngineResources/WhiteSquareTexture.uasset" 2705
"C:/Users/???/AppData/Local/UnrealEngine/Common/DerivedDataCache/Buckets/BulkDataList/a4/06/70dfe79b0f00244fd626588639995dc28272.udd" 2706
"../../../Engine/Content/EngineResources/GradientTexture0.uasset" 2707
"C:/Users/???/AppData/Local/UnrealEngine/Common/DerivedDataCache/Buckets/BulkDataList/57/be/0bf70f01a96609fd992cd84424eb1f1a166f.udd" 2708
"../../../Engine/Content/EngineResources/Black.uasset" 2709
"C:/Users/???/AppData/Local/UnrealEngine/Common/DerivedDataCache/Buckets/BulkDataList/99/0d/2829a35eaecc60ec1118c27427e3c1fabe48.udd" 2710
"../../../Engine/Content/EngineMaterials/Widget3DPassThrough_Translucent.uasset" 2711
"../../../Engine/Content/EngineMaterials/Widget3DPassThrough.uasset" 2712
"../../../Engine/Content/EngineMaterials/Widget3DPassThrough_Translucent_OneSided.uasset" 2713
"../../../Engine/Content/EngineMaterials/Widget3DPassThrough_Opaque.uasset" 2714
"../../../Engine/Content/EngineMaterials/Widget3DPassThrough_Opaque_OneSided.uasset" 2715
"../../../Engine/Content/EngineMaterials/Widget3DPassThrough_Masked.uasset" 2716
"../../../Engine/Content/EngineMaterials/Widget3DPassThrough_Masked_OneSided.uasset" 2717
"../../../Engine/Content/VREditor/ViewportInteractionAssetContainerData.uasset" 2718
"../../../Engine/Content/VREditor/SnapGrid/SnapGridMaterial.uasset" 2719
"../../../Engine/Content/Functions/Engine_MaterialFunctions02/Math/Transform3x3Matrix.uasset" 2720
"../../../Engine/Content/Functions/Engine_MaterialFunctions02/Utility/BreakOutFloat3Components.uasset" 2721
"../../../Engine/Content/Functions/Engine_MaterialFunctions02/SplitComponents.uasset" 2722
"../../../Engine/Content/Functions/Engine_MaterialFunctions02/Utility/MakeFloat3.uasset" 2723
"../../../Engine/Content/VREditor/TransformGizmo/TransformGizmoMaterial_Inst.uasset" 2724
"../../../Engine/Content/VREditor/TransformGizmo/TransformGizmoMaterial.uasset" 2725
"../../../Engine/Content/VREditor/LaserPointer/VR_LaserPower_01.uasset" 2726
"../../../Engine/Content/VREditor/TransformGizmo/TranslucentTransformGizmoMaterial_Inst.uasset" 2727
"../../../Engine/Content/VREditor/TransformGizmo/TranslucentTransformGizmoMaterial.uasset" 2728
"../../../Engine/Content/VREditor/SnapGrid/SnapGridPlaneMesh.uasset" 2729
"../../../Engine/Content/VREditor/Sounds/UI/Drop_Item_From_ContentBrowser.uasset" 2730
"../../../Engine/Content/VREditor/Sounds/UI/Gizmo_Handle_Clicked.uasset" 2731
"../../../Engine/Content/VREditor/Sounds/UI/Object_PickUp.uasset" 2732
"../../../Engine/Content/VREditor/Sounds/UI/Object_Snaps_To_Another_Actor.uasset" 2733
"../../../Engine/Content/VREditor/Sounds/UI/Object_Snaps_To_Grid.uasset" 2734
"../../../Engine/Content/VREditor/Sounds/UI/Scaling_Down.uasset" 2735
"../../../Engine/Content/VREditor/Sounds/UI/Scaling_Up.uasset" 2736
"../../../Engine/Content/VREditor/Sounds/UI/Selection_Changes.uasset" 2737
"../../../Engine/Content/VREditor/TransformGizmo/PlaneTranslationHandle.uasset" 2738
"../../../Engine/Content/VREditor/TransformGizmo/RotationHandleFull.uasset" 2739
"../../../Engine/Content/VREditor/TransformGizmo/RotationHandleIndicator.uasset" 2740
"../../../Engine/Content/VREditor/TransformGizmo/RotationHandleQuarter.uasset" 2741
"../../../Engine/Content/VREditor/TransformGizmo/StartRotationHandleIndicator.uasset" 2742
"../../../Engine/Content/VREditor/TransformGizmo/TransformGizmoFreeRotation.uasset" 2743
"../../../Engine/Content/VREditor/TransformGizmo/TranslateArrowHandle.uasset" 2744
"../../../Engine/Content/VREditor/TransformGizmo/UniformScaleHandle.uasset" 2745
"C:/Users/???/AppData/Local/UnrealEngine/Common/DerivedDataCache/Buckets/BulkDataList/79/08/3b0e45d1eb60bbf54e086b2af6eff7db1065.udd" 2746
"C:/Users/???/AppData/Local/UnrealEngine/Common/DerivedDataCache/Buckets/BulkDataList/9a/7e/1b1c3842a98c3008500a88210a2c165312c7.udd" 2747
"C:/Users/???/AppData/Local/UnrealEngine/Common/DerivedDataCache/Buckets/BulkDataList/f3/6d/9edef27ea79a7e851a7909ceea043b22e76e.udd" 2748
"C:/Users/???/AppData/Local/UnrealEngine/Common/DerivedDataCache/Buckets/BulkDataList/2f/58/e02ea61c67f7716ce66a30858984360004da.udd" 2749
"C:/Users/???/AppData/Local/UnrealEngine/Common/DerivedDataCache/Buckets/BulkDataList/81/88/e66ef8496123889d702d4f68a65cfb7fb322.udd" 2750
"C:/Users/???/AppData/Local/UnrealEngine/Common/DerivedDataCache/Buckets/BulkDataList/7e/cb/2ba59141a6c6fea98b8cc4c4c99e63a8f64d.udd" 2751
"C:/Users/???/AppData/Local/UnrealEngine/Common/DerivedDataCache/Buckets/BulkDataList/0f/8a/6b0cfe9ed6daa64e297d357e09cc50b6b9b9.udd" 2752
"C:/Users/???/AppData/Local/UnrealEngine/Common/DerivedDataCache/Buckets/BulkDataList/84/ce/b625a2e1e12676455386e9fdef151508af6a.udd" 2753
"C:/Users/???/AppData/Local/UnrealEngine/Common/DerivedDataCache/Buckets/BulkDataList/70/7f/359d81ed2df6db1b90bd722270e01e6ab54c.udd" 2754
"../../../Engine/Content/VREditor/TransformGizmo/BoundingBoxCorner.uasset" 2755
"../../../Engine/Content/VREditor/TransformGizmo/BoundingBoxEdge.uasset" 2756
"../../../Engine/Content/VREditor/TransformGizmo/SM_Sequencer_Node.uasset" 2757
"../../../Engine/Content/VREditor/TransformGizmo/Main.uasset" 2758
"../../../Engine/Content/VREditor/TransformGizmo/Xray.uasset" 2759
"../../../Engine/Content/EditorResources/S_Solver.uasset" 2760
"C:/Users/???/AppData/Local/UnrealEngine/Common/DerivedDataCache/Buckets/BulkDataList/ba/ed/aec2f626a16892c108baa5e6fd2b2e250937.udd" 2761
"../../../Engine/Content/EngineDebugMaterials/VolumeToRender.uasset" 2762
"C:/Users/???/AppData/Local/UnrealEngine/Common/DerivedDataCache/Buckets/BulkDataList/91/a8/d4b541d14a897a5f2baaec08410d817aff20.udd" 2763
"../../../Engine/Content/EngineDebugMaterials/M_VolumeRenderSphereTracePP.uasset" 2764
"../../../Engine/Content/Functions/Engine_MaterialFunctions02/Utility/CameraDirectionVector.uasset" 2765
"../../../Engine/Content/EditorMeshes/Camera/SM_CraneRig_Base.uasset" 2766
"../../../Engine/Content/EditorMaterials/Camera/MI_CineMat_Rig.uasset" 2767
"../../../Engine/Content/EditorMaterials/Camera/CineMat.uasset" 2768
"../../../Engine/Content/EditorMeshes/Camera/SM_CraneRig_Arm.uasset" 2769
"../../../Engine/Content/EditorMeshes/Camera/SM_CraneRig_Mount.uasset" 2770
"../../../Engine/Content/EditorMeshes/Camera/SM_CraneRig_Body.uasset" 2771
"../../../Engine/Content/EditorMeshes/Camera/SM_RailRig_Track.uasset" 2772
"../../../Engine/Content/EditorMeshes/Camera/SM_RailRig_Mount.uasset" 2773
"../../../Engine/Content/ArtTools/RenderToTexture/Meshes/S_1_Unit_Plane.uasset" 2774
"../../../Engine/Content/EngineDebugMaterials/M_SimpleUnlitTranslucent.uasset" 2775
"../../../Engine/Content/EngineFonts/Roboto.uasset" 2776
"../../../Engine/Content/EngineFonts/Faces/DroidSansFallback.uasset" 2777
"../../../Engine/Content/EngineFonts/Faces/RobotoBold.uasset" 2778
"../../../Engine/Content/EngineFonts/Faces/RobotoBoldItalic.uasset" 2779
"../../../Engine/Content/EngineFonts/Faces/RobotoItalic.uasset" 2780
"../../../Engine/Content/EngineFonts/Faces/RobotoLight.uasset" 2781
"../../../Engine/Content/EngineFonts/Faces/RobotoRegular.uasset" 2782
"../../../Engine/Content/EditorMaterials/ParticleSystems/PSysThumbnail_NoImage.uasset" 2783
"C:/Users/???/AppData/Local/UnrealEngine/Common/DerivedDataCache/Buckets/BulkDataList/67/82/dd2d84d201ed9997155f1075443d119f3a96.udd" 2784
"../../../Engine/Content/EditorMaterials/ParticleSystems/PSysThumbnail_OOD.uasset" 2785
"C:/Users/???/AppData/Local/UnrealEngine/Common/DerivedDataCache/Buckets/BulkDataList/7c/10/09e8927ca2785be2a82019d600f7680f7ac9.udd" 2786
"../../../Engine/Content/EditorLandscapeResources/SplineEditorMesh.uasset" 2787
"../../../Engine/Content/EditorLandscapeResources/SplineEditorMeshMat.uasset" 2788
"../../../Engine/Content/EditorLandscapeResources/DataLayer.uasset" 2789
"../../../Engine/Content/Internationalization/icudt64l/coll/ucadata.icu" 2790
"../../../Engine/Content/Internationalization/icudt64l/coll/en.res" 2791
"../../../Engine/Content/Internationalization/icudt64l/coll/root.res" 2792
"../../Plugins/Animation/ACLPlugin/Content/ACLAnimBoneCompressionSettings.uasset" 2793
"../../../Engine/Content/Animation/DefaultRecorderBoneCompression.uasset" 2794
"../../../Engine/Content/Animation/DefaultAnimCurveCompressionSettings.uasset" 2795
"../../../Engine/Content/Animation/DefaultVariableFrameStrippingSettings.uasset" 2796
"../../Plugins/2D/Paper2D/Content/MaskedUnlitSpriteMaterial.uasset" 2797
"../../Plugins/2D/Paper2D/Content/DefaultSpriteMaterial.uasset" 2798
"../../Plugins/2D/Paper2D/Content/PlaceholderTextures/DummySpriteTexture.uasset" 2799
"C:/Users/???/AppData/Local/UnrealEngine/Common/DerivedDataCache/Buckets/BulkDataList/97/c6/8d246749d2bc5aa348e633e54e2a4cab5cf2.udd" 2800
"../../Plugins/2D/Paper2D/Content/OpaqueUnlitSpriteMaterial.uasset" 2801
"../../Plugins/2D/Paper2D/Content/DefaultPaperTerrainMaterial.uasset" 2802
"../../Plugins/2D/Paper2D/Content/DummySprite.uasset" 2803
"../../Plugins/Animation/ControlRig/Content/Controls/ControlRigXRayMaterial.uasset" 2804
"../../Plugins/Animation/ControlRig/Content/Controls/DefaultGizmoLibraryNormalized.uasset" 2805
"../../Plugins/Animation/ControlRig/Content/M_Manip.uasset" 2806
"../../../Engine/Content/Functions/Engine_MaterialFunctions02/WorldPositionOffset/CameraOffset.uasset" 2807
"../../Plugins/Interchange/Runtime/Content/gltf/MaterialBodies/MF_Default_Body.uasset" 2808
"../../Plugins/Interchange/Runtime/Content/gltf/MaterialFunctions/MF_BaseColor.uasset" 2809
"../../Plugins/Interchange/Runtime/Content/gltf/MaterialFunctions/MF_TransformUVs.uasset" 2810
"../../Plugins/Interchange/Runtime/Content/gltf/MaterialFunctions/MF_RotateV2.uasset" 2811
"../../Plugins/Interchange/Runtime/Content/gltf/Textures/T_White_srgb.uasset" 2812
"../../Plugins/Interchange/Runtime/Content/gltf/MaterialFunctions/MF_Emissive.uasset" 2813
"../../Plugins/Interchange/Runtime/Content/gltf/MaterialFunctions/MF_IOR.uasset" 2814
"../../Plugins/Interchange/Runtime/Content/gltf/MaterialFunctions/MF_MetallicRoughness.uasset" 2815
"../../Plugins/Interchange/Runtime/Content/gltf/Textures/T_White_Linear.uasset" 2816
"../../Plugins/Interchange/Runtime/Content/gltf/MaterialFunctions/MF_Normals.uasset" 2817
"../../Plugins/Interchange/Runtime/Content/gltf/MaterialFunctions/MF_RotateNormals_TS.uasset" 2818
"../../Plugins/Interchange/Runtime/Content/gltf/Textures/T_Generic_N.uasset" 2819
"../../Plugins/Interchange/Runtime/Content/gltf/MaterialFunctions/MF_Occlusion.uasset" 2820
"../../Plugins/Interchange/Runtime/Content/gltf/MaterialFunctions/MF_Specular.uasset" 2821
"C:/Users/???/AppData/Local/UnrealEngine/Common/DerivedDataCache/Buckets/BulkDataList/80/b9/1ec6f76306d2b0ef3daf593b738f8bb80409.udd" 2822
"C:/Users/???/AppData/Local/UnrealEngine/Common/DerivedDataCache/Buckets/BulkDataList/1a/bf/cb0c3d0550ffe347dedbf3eecb5bbe3ca583.udd" 2823
"C:/Users/???/AppData/Local/UnrealEngine/Common/DerivedDataCache/Buckets/BulkDataList/80/46/b3057f06373bae020e67b6254d035b1929dc.udd" 2824
"../../Plugins/Interchange/Runtime/Content/gltf/MaterialBodies/MF_Unlit_Body.uasset" 2825
"../../Plugins/Interchange/Runtime/Content/gltf/MaterialBodies/MF_ClearCoat_Body.uasset" 2826
"../../Plugins/Interchange/Runtime/Content/gltf/MaterialFunctions/MF_Clearcoat.uasset" 2827
"../../../Engine/Content/Functions/Engine_MaterialFunctions01/Texturing/FlattenNormal.uasset" 2828
"../../Plugins/Interchange/Runtime/Content/gltf/MaterialBodies/MF_Sheen_Body.uasset" 2829
"../../Plugins/Interchange/Runtime/Content/gltf/MaterialFunctions/MF_Sheen.uasset" 2830
"../../Plugins/Interchange/Runtime/Content/gltf/MaterialBodies/MF_Transmission_Body.uasset" 2831
"../../Plugins/Interchange/Runtime/Content/gltf/MaterialFunctions/MF_Fresnel_DS.uasset" 2832
"../../Plugins/Interchange/Runtime/Content/gltf/MaterialFunctions/MF_Temporal_Blur.uasset" 2833
"../../../Engine/Content/Functions/Engine_MaterialFunctions02/Texturing/ScreenAlignedPixelToPixelUVs.uasset" 2834
"../../../Engine/Content/EngineMaterials/Good64x64TilingNoiseHighFreq.uasset" 2835
"../../Plugins/Interchange/Runtime/Content/gltf/MaterialFunctions/MF_Transmission.uasset" 2836
"C:/Users/???/AppData/Local/UnrealEngine/Common/DerivedDataCache/Buckets/BulkDataList/eb/33/d4c3dcc6c1a403ff26675136791ceebba78a.udd" 2837
"../../Plugins/Interchange/Runtime/Content/gltf/MaterialBodies/MF_SpecularGlossiness_Body.uasset" 2838
"../../Plugins/Interchange/Runtime/Content/gltf/MaterialFunctions/MF_DiffuseSpecGloss.uasset" 2839
"../../Plugins/Interchange/Runtime/Content/gltf/MaterialFunctions/MF_SpecGlossToMetalRoughness.uasset" 2840
"../../Plugins/Interchange/Runtime/Content/gltf/MaterialFunctions/MF_PerceivedBrightness.uasset" 2841
"../../../Engine/Content/Functions/Engine_MaterialFunctions02/Math/AddComponents.uasset" 2842
"../../../../../../Unreal_Study/UE5/UE_Project/MyProject/Content/Enemy/BT_EnemyAI.uasset" 2843
"../../../../../../Unreal_Study/UE5/UE_Project/MyProject/Content/Ani/EnemyANI/AnimMontage/AM_Enemy_Swing.uasset" 2844
"../../../../../../Unreal_Study/UE5/UE_Project/MyProject/Content/ParagonSevarog/Characters/Heroes/Sevarog/Animations/Swing2_Slow.uasset" 2845
"../../../Engine/Content/Animation/DefaultAnimBoneCompressionSettings.uasset" 2846
"../../../../../../Unreal_Study/UE5/UE_Project/MyProject/Content/ParagonSevarog/Characters/Heroes/Sevarog/Meshes/Sevarog_Skeleton.uasset" 2847
"../../../../../../Unreal_Study/UE5/UE_Project/MyProject/Content/ParagonSevarog/Characters/Heroes/Sevarog/Animations/Swing3_Slow.uasset" 2848
"../../../../../../Unreal_Study/UE5/UE_Project/MyProject/Content/ParagonSevarog/Characters/Heroes/Sevarog/Sounds/SoundWaves/Sevarog_Effort_Swing_02.uasset" 2849
"../../../../../../Unreal_Study/UE5/UE_Project/MyProject/Content/ParagonSevarog/FX/Particles/Abilities/Ultimate/FX/P_UltMeshArc_Expanding.uasset" 2850
"../../../../../../Unreal_Study/UE5/UE_Project/MyProject/Content/ParagonSevarog/FX/Materials/Trails/M_UltArc_Expanding.uasset" 2851
"../../../Engine/Content/Functions/Engine_MaterialFunctions01/ImageAdjustment/DeriveHDRfromLDR.uasset" 2852
"../../../Engine/Content/Functions/Engine_MaterialFunctions02/Utility/DebugTimeSine.uasset" 2853
"../../../Engine/Content/Functions/Engine_MaterialFunctions02/Utility/DitherTemporalAA.uasset" 2854
"../../../../../../Unreal_Study/UE5/UE_Project/MyProject/Content/ParagonSevarog/FX/Materials/Functions/MF_DitheredRefraction.uasset" 2855
"../../../../../../Unreal_Study/UE5/UE_Project/MyProject/Content/ParagonSevarog/FX/Materials/Functions/MF_Tile_Isolate_XY.uasset" 2856
"../../../../../../Unreal_Study/UE5/UE_Project/MyProject/Content/ParagonSevarog/FX/Textures/Energy/Plasma/T_Plasma_Aurora_Seamless.uasset" 2857
"../../../../../../Unreal_Study/UE5/UE_Project/MyProject/Content/ParagonSevarog/FX/Textures/Masks/T_NoisyMask.uasset" 2858
"../../../../../../Unreal_Study/UE5/UE_Project/MyProject/Content/ParagonSevarog/FX/Textures/Masks/T_Square_Gradient_M.uasset" 2859
"../../../../../../Unreal_Study/UE5/UE_Project/MyProject/Content/ParagonSevarog/FX/Meshes/Smoke/SM_Sevarog_UltSwing_Arc_Y_Fwd_Expanding.uasset" 2860
"../../../../../../Unreal_Study/UE5/UE_Project/MyProject/Content/Enemy/BB_EnemyAI.uasset" 2861
"../../../../../../Unreal_Study/UE5/UE_Project/MyProject/Content/Player/BP_Warrior.uasset" 2862
"../../../../../../Unreal_Study/UE5/UE_Project/MyProject/Content/Ani/ABP_Player.uasset" 2863
"../../../../../../Unreal_Study/UE5/UE_Project/MyProject/Content/Ani/PlayerANI/Animation/Great_Sword_Idle.uasset" 2864
"../../../../../../Unreal_Study/UE5/UE_Project/MyProject/Content/Ani/PlayerANI/Animation/Longbow_Locomotion_Pack/Kachujin_G_Rosales_Skeleton.uasset" 2865
"../../../../../../Unreal_Study/UE5/UE_Project/MyProject/Content/Ani/PlayerANI/Animation/Great_Sword_Run.uasset" 2866
"../../../../../../Unreal_Study/UE5/UE_Project/MyProject/Content/Sound/Footstep.uasset" 2867
"../../../../../../Unreal_Study/UE5/UE_Project/MyProject/Content/Ani/PlayerANI/Animation/Standing_Death_Forward.uasset" 2868
"../../../../../../Unreal_Study/UE5/UE_Project/MyProject/Content/Ani/PlayerANI/BlendSpace/BS_Movement.uasset" 2869
"../../../../../../Unreal_Study/UE5/UE_Project/MyProject/Content/Ani/PlayerANI/AnimMontage/AM_Attack.uasset" 2870
"../../../../../../Unreal_Study/UE5/UE_Project/MyProject/Content/Ani/PlayerANI/Animation/Attack2.uasset" 2871
"../../../../../../Unreal_Study/UE5/UE_Project/MyProject/Content/Ani/PlayerANI/Animation/Great_Sword_Slash_Mirror.uasset" 2872
"../../../../../../Unreal_Study/UE5/UE_Project/MyProject/Content/Sound/Slash1.uasset" 2873
"../../../../../../Unreal_Study/UE5/UE_Project/MyProject/Content/Sound/Slash2.uasset" 2874
"../../../../../../Unreal_Study/UE5/UE_Project/MyProject/Content/Skill/BP_SpawnDeer.uasset" 2875
"../../../../../../Unreal_Study/UE5/UE_Project/MyProject/Content/Ani/PlayerANI/AnimMontage/AM_SwordSlash.uasset" 2876
"../../../../../../Unreal_Study/UE5/UE_Project/MyProject/Content/Ani/PlayerANI/Animation/Great_Sword_Slash.uasset" 2877
"../../../../../../Unreal_Study/UE5/UE_Project/MyProject/Content/Skill/BP_SpellCast.uasset" 2878
"../../../../../../Unreal_Study/UE5/UE_Project/MyProject/Content/Ani/PlayerANI/AnimMontage/AM_SpellCast.uasset" 2879
"../../../../../../Unreal_Study/UE5/UE_Project/MyProject/Content/Ani/PlayerANI/Animation/Spell_Cast.uasset" 2880
"../../../../../../Unreal_Study/UE5/UE_Project/MyProject/Content/Skill/BP_Strike.uasset" 2881
"../../../../../../Unreal_Study/UE5/UE_Project/MyProject/Content/Ani/PlayerANI/AnimMontage/AM_Strike.uasset" 2882
"../../../../../../Unreal_Study/UE5/UE_Project/MyProject/Content/Ani/PlayerANI/Animation/Baseball_Strike1.uasset" 2883
"../../../../../../Unreal_Study/UE5/UE_Project/MyProject/Content/Skill/BP_SwordSmash.uasset" 2884
"../../../../../../Unreal_Study/UE5/UE_Project/MyProject/Content/Ani/PlayerANI/AnimMontage/AM_SwordSmash.uasset" 2885
"../../../../../../Unreal_Study/UE5/UE_Project/MyProject/Content/Ani/PlayerANI/Animation/Great_Sword_Casting.uasset" 2886
"../../../../../../Unreal_Study/UE5/UE_Project/MyProject/Content/Input/IA_Attack.uasset" 2887
"../../../../../../Unreal_Study/UE5/UE_Project/MyProject/Content/Input/IA_Dash.uasset" 2888
"../../../../../../Unreal_Study/UE5/UE_Project/MyProject/Content/Input/IA_Skill_E.uasset" 2889
"../../../../../../Unreal_Study/UE5/UE_Project/MyProject/Content/Input/IA_Skill_Q.uasset" 2890
"../../../../../../Unreal_Study/UE5/UE_Project/MyProject/Content/Input/IA_Skill_R.uasset" 2891
"../../../../../../Unreal_Study/UE5/UE_Project/MyProject/Content/Input/IA_Skill_W.uasset" 2892
"../../../../../../Unreal_Study/UE5/UE_Project/MyProject/Content/Input/IMC_Warrior_Character.uasset" 2893
"../../../../../../Unreal_Study/UE5/UE_Project/MyProject/Content/Input/IA_Interact.uasset" 2894
"../../../../../../Unreal_Study/UE5/UE_Project/MyProject/Content/Input/IA_Turn.uasset" 2895
"../../../../../../Unreal_Study/UE5/UE_Project/MyProject/Content/Ani/PlayerANI/Animation/Longbow_Locomotion_Pack/Kachujin_G_Rosales.uasset" 2896
"../../../../../../Unreal_Study/UE5/UE_Project/MyProject/Content/Ani/PlayerANI/Animation/Longbow_Locomotion_Pack/kachujin_MAT.uasset" 2897
"../../../../../../Unreal_Study/UE5/UE_Project/MyProject/Content/Ani/PlayerANI/Animation/Longbow_Locomotion_Pack/Kachujin_diffuse_body.uasset" 2898
"../../../../../../Unreal_Study/UE5/UE_Project/MyProject/Content/Ani/PlayerANI/Animation/Longbow_Locomotion_Pack/Kachujin_normal.uasset" 2899
"../../../../../../Unreal_Study/UE5/UE_Project/MyProject/Content/Ani/PlayerANI/Animation/Longbow_Locomotion_Pack/Kachujin_specular.uasset" 2900
"../../../../../../Unreal_Study/UE5/UE_Project/MyProject/Content/Ani/PlayerANI/Animation/Longbow_Locomotion_Pack/kachujin_MAT_.uasset" 2901
"../../../../../../Unreal_Study/UE5/UE_Project/MyProject/Content/Ani/PlayerANI/Animation/Longbow_Locomotion_Pack/Kachujin_diffuse.uasset" 2902
"../../../../../../Unreal_Study/UE5/UE_Project/MyProject/Content/Ani/PlayerANI/Animation/Longbow_Locomotion_Pack/Kachujin_G_Rosales_PhysicsAsset.uasset" 2903
"C:/Users/???/AppData/Local/UnrealEngine/Common/DerivedDataCache/Buckets/BulkDataList/36/a1/94e60f6ac6ac86f8826393f8e495ec0e9a3e.udd" 2904
"C:/Users/???/AppData/Local/UnrealEngine/Common/DerivedDataCache/Buckets/BulkDataPayloadId/f5/d6/69f38466a54f7c3cbaad35c8292e4327f121.udd" 2905
"C:/Users/???/AppData/Local/UnrealEngine/Common/DerivedDataCache/Buckets/BulkDataList/2d/3e/68b8475618415af2ee1df98ae57c944a5b07.udd" 2906
"C:/Users/???/AppData/Local/UnrealEngine/Common/DerivedDataCache/Buckets/BulkDataList/bb/10/a154164e5fa1f9a2d3677fba7361dd3cafd3.udd" 2907
"C:/Users/???/AppData/Local/UnrealEngine/Common/DerivedDataCache/Buckets/BulkDataList/bd/e8/29f3b0a640401a93bf6d55d8ea50da7f3d09.udd" 2908
"C:/Users/???/AppData/Local/UnrealEngine/Common/DerivedDataCache/Buckets/BulkDataPayloadId/81/1a/206b70277a686777be6640658121b23678b2.udd" 2909
"C:/Users/???/AppData/Local/UnrealEngine/Common/DerivedDataCache/Buckets/BulkDataPayloadId/7d/77/723a8e3fa684d480a8339f3438e97e35bd8a.udd" 2910
"C:/Users/???/AppData/Local/UnrealEngine/Common/DerivedDataCache/Buckets/BulkDataPayloadId/78/c5/e15f02715815561650ffe6748a85bb17dc22.udd" 2911
"C:/Users/???/AppData/Local/UnrealEngine/Common/DerivedDataCache/Buckets/BulkDataList/64/f0/f17a5c0d4c9af5cc9187d579e21f2e0974ba.udd" 2912
"C:/Users/???/AppData/Local/UnrealEngine/Common/DerivedDataCache/Buckets/BulkDataPayloadId/9d/f6/d43b839b3c6ad0509eab06f134437b73085d.udd" 2913
"C:/Users/???/AppData/Local/UnrealEngine/Common/DerivedDataCache/Buckets/BulkDataList/5e/91/64133aecc56ef6b0b8b4721486e436d596d4.udd" 2914
"C:/Users/???/AppData/Local/UnrealEngine/Common/DerivedDataCache/Buckets/BulkDataList/e2/71/d54b77514d998064c80b55955d572b4b1ba0.udd" 2915
"C:/Users/???/AppData/Local/UnrealEngine/Common/DerivedDataCache/Buckets/BulkDataList/63/ea/b078843d85f363eedd593e23bfad65643f9e.udd" 2916
"C:/Users/???/AppData/Local/UnrealEngine/Common/DerivedDataCache/Buckets/BulkDataList/75/4e/cebf19cfc889e952da5fd7dd6ecea9ad25be.udd" 2917
"C:/Users/???/AppData/Local/UnrealEngine/Common/DerivedDataCache/Buckets/BulkDataList/aa/42/d082606b0dbd22439682c40c4a2cc879c5fc.udd" 2918
"C:/Users/???/AppData/Local/UnrealEngine/Common/DerivedDataCache/Buckets/BulkDataList/08/9a/e876cf61c2991dec7cdc3c50090af0848cc9.udd" 2919
"C:/Users/???/AppData/Local/UnrealEngine/Common/DerivedDataCache/Buckets/BulkDataList/db/2d/12a859255cda713442e3ae16e6e8c5342b3e.udd" 2920
"C:/Users/???/AppData/Local/UnrealEngine/Common/DerivedDataCache/Buckets/AnimationSequence/53/6d/75d3d0ab7494bfd4caebe739803c32ffb7b7.udd" 2921
"C:/Users/???/AppData/Local/UnrealEngine/Common/DerivedDataCache/Buckets/AnimationSequence/3d/66/0f1ad7c85bea3a0246923628e57bee42f823.udd" 2922
"C:/Users/???/AppData/Local/UnrealEngine/Common/DerivedDataCache/Buckets/LegacyMESHDATAKEY/c8/fc/c2156b3021e14f1a4f172061d634859c2bb5.udd" 2923
"C:/Users/???/AppData/Local/UnrealEngine/Common/DerivedDataCache/Buckets/StaticMesh/1d/c9/461b5e637386bc0cb06a6047ce176d606aa3.udd" 2924
"C:/Users/???/AppData/Local/UnrealEngine/Common/DerivedDataCache/Buckets/LegacyDIST/06/dd/41a91039970f0d016353845dc155dd020757.udd" 2925
"C:/Users/???/AppData/Local/UnrealEngine/Common/DerivedDataCache/Buckets/LegacyCARD/24/81/a9cf17d9d8be27b44d4bdaf9e8c8f39d4f9e.udd" 2926
"C:/Users/???/AppData/Local/UnrealEngine/Common/DerivedDataCache/Buckets/LegacyNavCollision/61/64/5637a008dfdfab9b497c772a80e2d8fbeaa5.udd" 2927
"C:/Users/???/AppData/Local/UnrealEngine/Common/DerivedDataCache/Buckets/AnimationSequence/16/e2/3704f269b767786ad2f6771d6249f66f70d9.udd" 2928
"C:/Users/???/AppData/Local/UnrealEngine/Common/DerivedDataCache/Buckets/AnimationSequence/a5/6c/366316f8cf85a6d8b692496894a46510c59d.udd" 2929
"C:/Users/???/AppData/Local/UnrealEngine/Common/DerivedDataCache/Buckets/LegacySKELETALMESH/56/1c/42aa422aad44aa826171194de5688c4e4652.udd" 2930
"../../../../../../Unreal_Study/UE5/UE_Project/MyProject/Content/UI/WBP_GameOver.uasset" 2931
"../../../../../../Unreal_Study/UE5/UE_Project/MyProject/Content/Ani/EnemyANI/AnimMontage/AM_Enemy_Death.uasset" 2932
"../../../../../../Unreal_Study/UE5/UE_Project/MyProject/Content/ParagonSevarog/Characters/Heroes/Sevarog/Animations/Death_front.uasset" 2933
"../../../../../../Unreal_Study/UE5/UE_Project/MyProject/Content/Blade_BlackKnight/SK_Blade_BlackKnight.uasset" 2934
"../../../../../../Unreal_Study/UE5/UE_Project/MyProject/Content/Blade_BlackKnight/M_Blade_BlackKnight.uasset" 2935
"../../../../../../Unreal_Study/UE5/UE_Project/MyProject/Content/Blade_BlackKnight/T_Blade_BlackKnight_Sword1_D.uasset" 2936
"../../../../../../Unreal_Study/UE5/UE_Project/MyProject/Content/Blade_BlackKnight/T_Blade_BlackKnight_Sword1_M.uasset" 2937
"../../../../../../Unreal_Study/UE5/UE_Project/MyProject/Content/Blade_BlackKnight/T_Blade_BlackKnight_Sword1_N.uasset" 2938
"../../../../../../Unreal_Study/UE5/UE_Project/MyProject/Content/Blade_BlackKnight/T_Blade_BlackKnight_Sword2_D.uasset" 2939
"../../../../../../Unreal_Study/UE5/UE_Project/MyProject/Content/Blade_BlackKnight/T_Blade_BlackKnight_Sword2_M.uasset" 2940
"../../../../../../Unreal_Study/UE5/UE_Project/MyProject/Content/Blade_BlackKnight/T_Blade_BlackKnight_Sword2_N.uasset" 2941
"../../../../../../Unreal_Study/UE5/UE_Project/MyProject/Content/Blade_BlackKnight/SK_Blade_BlackKnight_Skeleton.uasset" 2942
"C:/Users/???/AppData/Local/UnrealEngine/Common/DerivedDataCache/Buckets/BulkDataList/bd/e1/d197b4618011b639d7e387847a836d1a072f.udd" 2943
"C:/Users/???/AppData/Local/UnrealEngine/Common/DerivedDataCache/Buckets/BulkDataList/1e/0b/7e2cf6388f74c5d7bcffa956a81fe1d07fa9.udd" 2944
"C:/Users/???/AppData/Local/UnrealEngine/Common/DerivedDataCache/Buckets/BulkDataList/97/b0/ab79be5dab931142fe1f14424e9e4ce53092.udd" 2945
"C:/Users/???/AppData/Local/UnrealEngine/Common/DerivedDataCache/Buckets/BulkDataList/63/c8/847e299061d4d040bead54b15d7a2e972143.udd" 2946
"C:/Users/???/AppData/Local/UnrealEngine/Common/DerivedDataCache/Buckets/BulkDataList/cd/0b/663fb2f1fc8b5625e101d438e6715b5b9f28.udd" 2947
"C:/Users/???/AppData/Local/UnrealEngine/Common/DerivedDataCache/Buckets/BulkDataList/92/76/47edfa60a80d85af0f178a09e952284e50b0.udd" 2948
"C:/Users/???/AppData/Local/UnrealEngine/Common/DerivedDataCache/Buckets/LegacySKELETALMESH/e2/07/ed388b7ab441aaccbb09b0165fa296f110eb.udd" 2949
"../../../Engine/Intermediate/ProjectFiles/PrimaryProjectPath.txt" 2950
"../../Plugins/Editor/SpeedTreeImporter/Content/SpeedTree9/SpeedTreeMaster.uasset" 2951
"../../../Engine/Content/Functions/Engine_MaterialFunctions02/ObjectLocalBounds.uasset" 2952
"../../../Engine/Content/Functions/Engine_MaterialFunctions02/SafeNormalize.uasset" 2953
"../../../Engine/Content/Functions/Engine_MaterialFunctions02/Utility/VectorLength.uasset" 2954
"../../../Engine/Content/Functions/Engine_MaterialFunctions02/UVs/BoundingBoxBased_0-1_UVW.uasset" 2955
"../../../Engine/Content/Functions/Engine_MaterialFunctions02/WorldPositionOffset/ObjectScale.uasset" 2956
"../../Plugins/Editor/SpeedTreeImporter/Content/SpeedTree9/SpeedTreeBranchMotion.uasset" 2957
"../../Plugins/Editor/SpeedTreeImporter/Content/SpeedTree9/SpeedTreeWindMotion.uasset" 2958
"../../Plugins/Editor/SpeedTreeImporter/Content/SpeedTree9/game_wind_noise.uasset" 2959
"../../Plugins/Editor/SpeedTreeImporter/Content/SpeedTree9/UnpackDirection.uasset" 2960
"../../Plugins/Editor/SpeedTreeImporter/Content/SpeedTree9/UnpackInteger3.uasset" 2961
"../../Plugins/Editor/SpeedTreeImporter/Content/SpeedTree9/SpeedTreeCameraFacing.uasset" 2962
"../../Plugins/Editor/SpeedTreeImporter/Content/SpeedTree9/SpeedTreeWind.uasset" 2963
"../../Plugins/Editor/SpeedTreeImporter/Content/SpeedTree9/Empty.uasset" 2964
"../../Plugins/Editor/SpeedTreeImporter/Content/SpeedTree9/EmptyNormal.uasset" 2965
"C:/Users/???/AppData/Local/UnrealEngine/Common/DerivedDataCache/Buckets/BulkDataList/f9/69/2e7c3b3ea44435cc4e90c0ddb1ea0f8a2def.udd" 2966
"C:/Users/???/AppData/Local/UnrealEngine/Common/DerivedDataCache/Buckets/BulkDataList/93/55/d5da0fc863e00004acdb72b26dba81ea075d.udd" 2967
"C:/Users/???/AppData/Local/UnrealEngine/Common/DerivedDataCache/Buckets/BulkDataList/15/a3/4390f576a9e99e52a8bbc537a1c7205d28c0.udd" 2968
"C:/Users/???/AppData/Local/UnrealEngine/Common/DerivedDataCache/Buckets/BulkDataPayloadId/93/1e/fa687e128aa134c7085da39d1269fafb1746.udd" 2969
"C:/Users/???/AppData/Local/UnrealEngine/Common/DerivedDataCache/Buckets/BulkDataPayloadId/ac/cc/a6aa9daa7cbf76c8953f7e3d2c201a8a54cb.udd" 2970
"../../Plugins/Editor/SpeedTreeImporter/Content/SpeedTree9/SpeedTreeBillboardMaster.uasset" 2971
"../../Plugins/Editor/SpeedTreeImporter/Content/SpeedTree9/SpeedTreeBillboard.uasset" 2972
"../../Plugins/Media/MediaPlate/Content/SM_MediaPlateScreen.uasset" 2973
"C:/Users/???/AppData/Local/UnrealEngine/Editor/UInteractiveToolsPresetCollectionAsset_DefaultCollection.json" 2974
"../../../Engine/Content/EngineMaterials/NaniteHiddenSectionMaterial.uasset" 2975
"../../../Engine/Content/EngineMaterials/RemoveSurfaceMaterial.uasset" 2976
"../../../Engine/Content/EngineDebugMaterials/DebugMeshMaterial.uasset" 2977
"../../../Engine/Content/EngineMaterials/EmissiveMeshMaterial.uasset" 2978
"../../../Engine/Content/EngineMaterials/DefaultWhiteGrid_Low.uasset" 2979
"C:/Users/???/AppData/Local/UnrealEngine/Common/DerivedDataCache/Buckets/BulkDataList/87/09/7ff413b09b70a8eaa169a8113b9afce41167.udd" 2980
"../../../Engine/Content/EngineMaterials/M_InvalidLightmapSettings.uasset" 2981
"../../../Engine/Content/EngineMaterials/InvalidLightmapSettings.uasset" 2982
"C:/Users/???/AppData/Local/UnrealEngine/Common/DerivedDataCache/Buckets/BulkDataList/8d/89/6b743d20ab8366fcea3604226ddcb9f88936.udd" 2983
"../../../Engine/Content/EngineMaterials/GizmoMaterial.uasset" 2984
"../../../Engine/Content/EngineMaterials/PhAT_JointLimitMaterial.uasset" 2985
"../../../Engine/Content/EngineMaterials/FlattenMaterial.uasset" 2986
"../../../Engine/Content/EngineMaterials/BaseFlattenDiffuseMap.uasset" 2987
"../../../Engine/Content/EngineMaterials/BaseFlattenEmissiveMap.uasset" 2988
"../../../Engine/Content/EngineMaterials/BaseFlattenGrayscaleMap.uasset" 2989
"../../../Engine/Content/EngineMaterials/BaseFlattenLinearColor.uasset" 2990
"../../../Engine/Content/EngineMaterials/BaseFlattenNormalMap.uasset" 2991
"../../../Engine/Content/Functions/Engine_MaterialFunctions02/PivotPainter2/Black_1x1_EXR_Texture.uasset" 2992
"C:/Users/???/AppData/Local/UnrealEngine/Common/DerivedDataCache/Buckets/BulkDataList/24/18/9339deaa99e0dfd4ccdacc22fd230861aea6.udd" 2993
"C:/Users/???/AppData/Local/UnrealEngine/Common/DerivedDataCache/Buckets/BulkDataList/d8/cd/02b3ac4457cac23e469af091f21bc9bb391e.udd" 2994
"C:/Users/???/AppData/Local/UnrealEngine/Common/DerivedDataCache/Buckets/BulkDataList/cd/08/11e20ce8d30d855c74640695d9d5e19688ff.udd" 2995
"C:/Users/???/AppData/Local/UnrealEngine/Common/DerivedDataCache/Buckets/BulkDataList/97/0c/5be17d8a4239b287fcb5e1f2fbf48b263a10.udd" 2996
"C:/Users/???/AppData/Local/UnrealEngine/Common/DerivedDataCache/Buckets/BulkDataList/80/28/28bb8bb2d9e8dc8b0e3fb6fad73f26c7d58c.udd" 2997
"C:/Users/???/AppData/Local/UnrealEngine/Common/DerivedDataCache/Buckets/BulkDataList/1f/f8/79a849fad99a539d880b7ee258e727605ad3.udd" 2998
"../../../Engine/Content/EngineMaterials/FlattenMaterial_VT.uasset" 2999
"../../../Engine/Content/EngineMaterials/BaseFlattenDiffuseMap_VT.uasset" 3000
"../../../Engine/Content/EngineMaterials/BaseFlattenEmissiveMap_VT.uasset" 3001
"../../../Engine/Content/EngineMaterials/BaseFlattenGrayscaleMap_VT.uasset" 3002
"../../../Engine/Content/EngineMaterials/BaseFlattenLinearColor_VT.uasset" 3003
"../../../Engine/Content/EngineMaterials/BaseFlattenNormalMap_VT.uasset" 3004
"../../../Engine/Content/EngineMaterials/Black_1x1_EXR_Texture_VT.uasset" 3005
"C:/Users/???/AppData/Local/UnrealEngine/Common/DerivedDataCache/Buckets/BulkDataList/21/ad/89bf824eaa9755b4a25dd57ea596034fdab7.udd" 3006
"C:/Users/???/AppData/Local/UnrealEngine/Common/DerivedDataCache/Buckets/BulkDataList/d9/eb/4843026d404b50a9b41178e394b5ec8d5c93.udd" 3007
"C:/Users/???/AppData/Local/UnrealEngine/Common/DerivedDataCache/Buckets/BulkDataList/12/00/28e4d9dadbe025297887c29c788d8348672d.udd" 3008
"C:/Users/???/AppData/Local/UnrealEngine/Common/DerivedDataCache/Buckets/BulkDataList/f9/71/ad854ba09404e208adc44e482c15899fffe6.udd" 3009
"C:/Users/???/AppData/Local/UnrealEngine/Common/DerivedDataCache/Buckets/BulkDataList/76/56/55267e63e55af9fca89d02f09da6815a31f0.udd" 3010
"C:/Users/???/AppData/Local/UnrealEngine/Common/DerivedDataCache/Buckets/BulkDataList/b5/33/b0221bb3d4d483ef8cd9ef426104c17794a0.udd" 3011
"../../../Engine/Content/EngineMaterials/FlattenMaterial_WS_Normal_VT.uasset" 3012
"../../../Engine/Content/EngineMaterials/DefaultBokeh.uasset" 3013
"C:/Users/???/AppData/Local/UnrealEngine/Common/DerivedDataCache/Buckets/BulkDataList/94/2a/3974669a9e2964c02225cbc9dd2cdc3f319e.udd" 3014
"../../../Engine/Content/EngineMaterials/MiniFont.uasset" 3015
"C:/Users/???/AppData/Local/UnrealEngine/Common/DerivedDataCache/Buckets/BulkDataList/e6/d4/84d17b2d3520794fccb4f81e93224fbbbb95.udd" 3016
"../../../Engine/Content/EngineMaterials/WeightMapPlaceholderTexture.uasset" 3017
"C:/Users/???/AppData/Local/UnrealEngine/Common/DerivedDataCache/Buckets/BulkDataList/8b/3c/06ba53fdc868a0a203514f3ea99d78e3780c.udd" 3018
"../../../Engine/Content/EngineMaterials/DefaultWhiteGrid.uasset" 3019
"C:/Users/???/AppData/Local/UnrealEngine/Common/DerivedDataCache/Buckets/BulkDataList/8c/85/21fb6a10874194d2562a30f148e03505d3a8.udd" 3020
"../../../Engine/Content/EngineMaterials/PreintegratedSkinBRDF.uasset" 3021
"C:/Users/???/AppData/Local/UnrealEngine/Common/DerivedDataCache/Buckets/BulkDataList/c2/3e/da68ac32c055bd487987f52be913ec8221b2.udd" 3022
"../../../Engine/Content/EngineMaterials/DefaultPhysicalMaterial.uasset" 3023
"../../../Engine/Content/EngineMaterials/DefaultDestructiblePhysicalMaterial.uasset" 3024
"../../../Engine/Content/EditorLandscapeResources/DefaultAlphaTexture.uasset" 3025
"C:/Users/???/AppData/Local/UnrealEngine/Common/DerivedDataCache/Buckets/BulkDataList/ba/5b/11f24ff0ebb3b70482111e525eb977d730b2.udd" 3026
"../../../Engine/Content/EditorResources/S_Terrain.uasset" 3027
"C:/Users/???/AppData/Local/UnrealEngine/Common/DerivedDataCache/Buckets/BulkDataList/9e/98/84e64c48bafcd8cf719bfcc9fa6dd3025539.udd" 3028
"../../../Engine/Content/BasicShapes/Cube.uasset" 3029
"../../../Engine/Content/BasicShapes/Sphere.uasset" 3030
"../../../Engine/Content/EngineMaterials/DefaultMaterial.uasset" 3031
"../../../Engine/Content/BasicShapes/Cylinder.uasset" 3032
"../../../Engine/Content/BasicShapes/Cone.uasset" 3033
"../../../Engine/Content/BasicShapes/Plane.uasset" 3034
"../../Plugins/Runtime/MeshModelingToolset/Content/Materials/M_DynamicMeshComponentVtxColor.uasset" 3035
"../../Plugins/FX/Niagara/Content/ParameterDefinitions/SpriteRenderer.uasset" 3036
"../../Plugins/FX/Niagara/Content/ParameterDefinitions/RibbonRenderer.uasset" 3037
"../../Plugins/FX/Niagara/Content/ParameterDefinitions/MeshRenderer.uasset" 3038
"../../Plugins/FX/Niagara/Content/ParameterDefinitions/LightRenderer.uasset" 3039
"../../Plugins/FX/Niagara/Content/ParameterDefinitions/DecalRenderer.uasset" 3040
"../../Plugins/FX/Niagara/Content/ParameterDefinitions/CoreParameters.uasset" 3041
"../../../Engine/Content/EditorResources/SequenceRecorder/Countdown.uasset" 3042
"C:/Users/???/AppData/Local/UnrealEngine/Common/DerivedDataCache/Buckets/BulkDataList/cc/93/aca9e65965c0f08290345b68d703f062ac93.udd" 3043
"../../../Engine/Content/EditorResources/SequenceRecorder/RecordingIndicator.uasset" 3044
"C:/Users/???/AppData/Local/UnrealEngine/Common/DerivedDataCache/Buckets/BulkDataList/a5/9e/59cc5cd9b246b9d0723f2ae6e307bbe7a90e.udd" 3045
"../../../Engine/Content/EditorMaterials/PhAT_UnselectedMaterial.uasset" 3046
"../../../Engine/Content/EditorMaterials/PhAT_NoCollisionMaterial.uasset" 3047
"../../Plugins/FX/NiagaraFluids/Content/NDC_Grid3D_Gas.uasset" 3048
"C:/Unreal_Study/UE5/UE_Project/MyProject/Intermediate/ShaderAutogen/PCD3D_SM6/AutogenShaderHeaders.ush" 3049
"../../../Engine/Plugins/Interchange/Runtime/Content/Functions/MX_UsdPreviewSurface.uasset" 3050
"../../../Engine/Plugins/Interchange/Runtime/Content/Pipelines/DefaultSceneLevelPipeline.uasset" 3051
"../../../Engine/Plugins/Interchange/Runtime/Content/Pipelines/DefaultGLTFSceneAssetsPipeline.uasset" 3052
"../../../Engine/Plugins/Animation/ControlRig/Content/Controls/ControlRigGizmoMaterial.uasset" 3053
"../../../Engine/Plugins/Interchange/Runtime/Content/Pipelines/DefaultSceneAssetsPipeline.uasset" 3054
"../../../Engine/Plugins/Interchange/Runtime/Content/Pipelines/DefaultTexturePipeline.uasset" 3055
"../../../Engine/Plugins/Interchange/Runtime/Content/Pipelines/DefaultGLTFAssetsPipeline.uasset" 3056
"../../../Engine/Plugins/Interchange/Runtime/Content/Pipelines/DefaultMaterialXPipeline.uasset" 3057
"../../../Engine/Plugins/Interchange/Runtime/Content/Pipelines/DefaultMaterialPipeline.uasset" 3058
"../../../Engine/Plugins/Interchange/Runtime/Content/Pipelines/DefaultAssetsPipeline.uasset" 3059
"../../../Engine/Content/EngineResources/FilmGrains/Marcie_Grain_v3_128_M2_000.uasset" 3060
"../../../Engine/Content/EngineSounds/Master.uasset" 3061
"../../../Engine/Plugins/Interchange/Runtime/Content/Functions/MX_SurfaceUnlit.uasset" 3062
"../../../Engine/Content/EngineMaterials/STBlueNoise_scalar_128x128x64.uasset" 3063
"../../../Engine/Content/EditorResources/BSPVertex.uasset" 3064
"../../../Engine/Content/EngineDebugMaterials/DebugEditorMaterial.uasset" 3065
"../../../Engine/Content/EngineMaterials/DefaultBloomKernel.uasset" 3066
"../../../Engine/Content/EngineMaterials/STBlueNoise_vec2_128x128x64.uasset" 3067
"../../../Engine/Plugins/Interchange/Runtime/Content/Pipelines/DefaultGLTFPipeline.uasset" 3068
"C:/Unreal_Study/UE5/UE_Project/MyProject/Content/UI/Resource/KakaoTalk_20251112_165526329_01.uasset" 3069
"C:/Unreal_Study/UE5/UE_Project/MyProject/Content/UI/Resource/redBook_Image.uasset" 3070
"C:/Unreal_Study/UE5/UE_Project/MyProject/Content/UI/Resource/KakaoTalk_20251112_180256794.uasset" 3071
"C:/Unreal_Study/UE5/UE_Project/MyProject/Content/UI/Resource/flame_of_resolve_3d_fantasy__1_.uasset" 3072
"C:/Unreal_Study/UE5/UE_Project/MyProject/Content/UI/Dialog/StartLevel/DA_DialogChoicesNode_next.uasset" 3073
"C:/Unreal_Study/UE5/UE_Project/MyProject/Content/UI/Resource/Book_image.uasset" 3074
"C:/Unreal_Study/UE5/UE_Project/MyProject/Content/UI/Resource/KakaoTalk_20251112_165526329.uasset" 3075
"C:/Unreal_Study/UE5/UE_Project/MyProject/Content/UI/Resource/wave_of_purification_crack_light.uasset" 3076
"C:/Unreal_Study/UE5/UE_Project/MyProject/Content/UI/Resource/8350433.uasset" 3077
"C:/Unreal_Study/UE5/UE_Project/MyProject/Content/UI/Resource/blackBook_Image.uasset" 3078
"C:/Unreal_Study/UE5/UE_Project/MyProject/Content/UI/Resource/greenBook_Image.uasset" 3079
"C:/Unreal_Study/UE5/UE_Project/MyProject/Content/UI/Dialog/StartLevel/DA_Choice_1_???.uasset" 3080
"C:/Unreal_Study/UE5/UE_Project/MyProject/Content/UI/Resource/breath_of_life_neural_spark_final_v2.uasset" 3081
"C:/Unreal_Study/UE5/UE_Project/MyProject/Content/UI/Dialog/StartLevel/DA_Choice_1_??_???.uasset" 3082
"C:/Unreal_Study/UE5/UE_Project/MyProject/Content/UI/Dialog/StartLevel/DA_Choice_1_3_2.uasset" 3083
"C:/Unreal_Study/UE5/UE_Project/MyProject/Content/UI/Dialog/Event/DA_???_??.uasset" 3084
"C:/Unreal_Study/UE5/UE_Project/MyProject/Content/UI/Dialog/Event/DA_???_??.uasset" 3085
"C:/Unreal_Study/UE5/UE_Project/MyProject/Content/UI/Dialog/Event/DA_???_??.uasset" 3086
"C:/Unreal_Study/UE5/UE_Project/MyProject/Content/UI/Dialog/Event/DA_Quiz3_???_??.uasset" 3087
"C:/Unreal_Study/UE5/UE_Project/MyProject/Content/UI/Dialog/Event/DA_Quiz3_???_??.uasset" 3088
"C:/Unreal_Study/UE5/UE_Project/MyProject/Content/UI/Dialog/Event/DA_Quiz3_???_??.uasset" 3089
"C:/Unreal_Study/UE5/UE_Project/MyProject/Content/UI/Dialog/Dungeon/2/DA_Choice_????.uasset" 3090
"C:/Unreal_Study/UE5/UE_Project/MyProject/Content/UI/Dialog/Dungeon/2/DA_Choice4_????.uasset" 3091
"C:/Unreal_Study/UE5/UE_Project/MyProject/Content/UI/WBP_Title.uasset" 3092
"C:/Unreal_Study/UE5/UE_Project/MyProject/Content/UI/WBP_Option.uasset" 3093
"C:/Unreal_Study/UE5/UE_Project/MyProject/Content/UI/WBP_MainMenu.uasset" 3094
"C:/Users/???/AppData/Local/UnrealEngine/Common/DerivedDataCache/Buckets/BulkDataList/ba/53/2a7a8063184282c6e7a44f96e8fed3e14a9a.udd" 3095
"C:/Unreal_Study/UE5/UE_Project/MyProject/Content/UI/WBP_GameClear.uasset" 3096
"C:/Users/???/AppData/Local/UnrealEngine/Common/DerivedDataCache/Buckets/BulkDataList/c4/bb/a1540011b97d44594f4d40df1c83f2dc4220.udd" 3097
"C:/Unreal_Study/UE5/UE_Project/MyProject/Content/SwordTrailVFX/Textures/RTs/RT_Draw_N_01.uasset" 3098
"C:/Unreal_Study/UE5/UE_Project/MyProject/Content/SwordTrailVFX/Textures/RTs/RT_Draw_01.uasset" 3099
"C:/Users/???/AppData/Local/UnrealEngine/Common/DerivedDataCache/Buckets/BulkDataList/1d/c6/68a0cc0898a958d0a49b9b3521c353cdc2f5.udd" 3100
"C:/Unreal_Study/UE5/UE_Project/MyProject/Content/SwordTrailVFX/Textures/Mask/T_TrailMask_22.uasset" 3101
"C:/Users/???/AppData/Local/UnrealEngine/Common/DerivedDataCache/Buckets/BulkDataList/4e/e4/40485ab3e378918223aeabc9c5641aae470b.udd" 3102
"C:/Unreal_Study/UE5/UE_Project/MyProject/Content/SwordTrailVFX/Textures/Mask/T_TrailMask_21.uasset" 3103
"C:/Users/???/AppData/Local/UnrealEngine/Common/DerivedDataCache/Buckets/BulkDataList/c6/05/f256bcd0237c0c8c0faf68c8047ad5936b75.udd" 3104
"C:/Unreal_Study/UE5/UE_Project/MyProject/Content/SwordTrailVFX/Textures/Mask/T_TrailMask_20.uasset" 3105
"C:/Users/???/AppData/Local/UnrealEngine/Common/DerivedDataCache/Buckets/LegacyTEXTURE/25/a2/9f775bba546aab061feeaec63f8a9c6ca421.udd" 3106
"C:/Users/???/AppData/Local/UnrealEngine/Common/DerivedDataCache/Buckets/LegacyTEXTURE/82/94/764454f5b231d55d4b087db0244f6ecb2d47.udd" 3107
"C:/Users/???/AppData/Local/UnrealEngine/Common/DerivedDataCache/Buckets/LegacyTEXTURE/4d/90/4a6d67c6cefa4f680728b0fd53b5604ed1f0.udd" 3108
"C:/Users/???/AppData/Local/UnrealEngine/Common/DerivedDataCache/Buckets/LegacyTEXTURE/bb/2c/799e92ea4fbec01f1ceb197d825a8afcb341.udd" 3109
"C:/Users/???/AppData/Local/UnrealEngine/Common/DerivedDataCache/Buckets/LegacyTEXTURE/04/7d/3d8c7bb80f88b93fcfe3b9da5aa880577a19.udd" 3110
"C:/Users/???/AppData/Local/UnrealEngine/Common/DerivedDataCache/Buckets/LegacyTEXTURE/37/0c/6d8f8ad8b540262099607cd8668633e7e49e.udd" 3111
"C:/Users/???/AppData/Local/UnrealEngine/Common/DerivedDataCache/Buckets/LegacyTEXTURE/e4/28/087e656534292d2742ebc5df0fafcc7cc49c.udd" 3112
"C:/Users/???/AppData/Local/UnrealEngine/Common/DerivedDataCache/Buckets/LegacyTEXTURE/ec/eb/14c85396666cbf8c82b5a0272178330e9767.udd" 3113
"C:/Users/???/AppData/Local/UnrealEngine/Common/DerivedDataCache/Buckets/LegacyTEXTURE/dc/e4/6c275c12f4405920558f9e19c55db22ba373.udd" 3114
"C:/Users/???/AppData/Local/UnrealEngine/Common/DerivedDataCache/Buckets/LegacyTEXTURE/a0/78/68dee9ccf43b31419a26a2a7d7350bed4c3c.udd" 3115
"C:/Users/???/AppData/Local/UnrealEngine/Common/DerivedDataCache/Buckets/LegacyTEXTURE/83/b0/0be70ff3a9f2ac718d54755769ddf315d40e.udd" 3116
"C:/Users/???/AppData/Local/UnrealEngine/Common/DerivedDataCache/Buckets/LegacyTEXTURE/88/88/fc75d1a5f848c00d62fa8e506b0fa7938b81.udd" 3117
"C:/Users/???/AppData/Local/UnrealEngine/Common/DerivedDataCache/Buckets/LegacyTEXTURE/11/61/97d6551c70dbb14dd303532f0f62fe23437b.udd" 3118
"C:/Users/???/AppData/Local/UnrealEngine/Common/DerivedDataCache/Buckets/LegacyTEXTURE/df/df/0f462d99c4d6c4fdf6a5f823796cce92d6e4.udd" 3119
"C:/Users/???/AppData/Local/UnrealEngine/Common/DerivedDataCache/Buckets/LegacyTEXTURE/70/0a/267d415d7015e0703cc790abf58bfa81dc4b.udd" 3120
"C:/Users/???/AppData/Local/UnrealEngine/Common/DerivedDataCache/Buckets/LegacyTEXTURE/d4/a8/efab1c6809dd965746c07f2838ae82695c38.udd" 3121
"C:/Users/???/AppData/Local/UnrealEngine/Common/DerivedDataCache/Buckets/LegacyTEXTURE/a1/f8/d779a9f02dbea7388ff6f045a7116ac14679.udd" 3122
"C:/Users/???/AppData/Local/UnrealEngine/Common/DerivedDataCache/Buckets/LegacyTEXTURE/8c/49/5f03d77e4da609ba388b481610f630fa53b1.udd" 3123
"C:/Users/???/AppData/Local/UnrealEngine/Common/DerivedDataCache/Buckets/LegacyTEXTURE/97/d1/e16b53db415c61f11e8d77e995e4aca056a2.udd" 3124
"C:/Users/???/AppData/Local/UnrealEngine/Common/DerivedDataCache/Buckets/LegacyTEXTURE/4c/6e/72682294b8b46d992aad2ba5a3893af7c3c3.udd" 3125
"C:/Users/???/AppData/Local/UnrealEngine/Common/DerivedDataCache/Buckets/LegacyTEXTURE/3a/a6/a84eb03d9910ebe9c157af3ff40a9d1e7dc7.udd" 3126
"C:/Users/???/AppData/Local/UnrealEngine/Common/DerivedDataCache/Buckets/LegacyTEXTURE/3f/55/f4555aba3e20e61e1d0aa7bf4a8199469b92.udd" 3127
"C:/Users/???/AppData/Local/UnrealEngine/Common/DerivedDataCache/Buckets/LegacyTEXTURE/20/7c/c60da229a71572bc515a04b07d5bacf7404c.udd" 3128
"C:/Users/???/AppData/Local/UnrealEngine/Common/DerivedDataCache/Buckets/LegacyTEXTURE/e7/51/22ba57415c5de0b6f2c2ecc25e465ab46f44.udd" 3129
"C:/Users/???/AppData/Local/UnrealEngine/Common/DerivedDataCache/Buckets/LegacyTEXTURE/d8/ea/786ffa059907daeedb5572f857aaf6ac22fa.udd" 3130
"C:/Users/???/AppData/Local/UnrealEngine/Common/DerivedDataCache/Buckets/LegacyTEXTURE/83/7e/ccd0bcb6770479af6e1fd5564450cca15151.udd" 3131
"C:/Users/???/AppData/Local/UnrealEngine/Common/DerivedDataCache/Buckets/LegacyTEXTURE/5e/08/2cda2d8683ce6ea0d875e8f19bba2ecfd630.udd" 3132
"C:/Users/???/AppData/Local/UnrealEngine/Common/DerivedDataCache/Content/9c/0e/144d0c32a540c0a415f9a7d45d055976393d.udd" 3133
"C:/Users/???/AppData/Local/UnrealEngine/Common/DerivedDataCache/Buckets/LegacyTEXTURE/d3/5d/011522b9eb320f6878713ba63dad4f85c68f.udd" 3134
"C:/Users/???/AppData/Local/UnrealEngine/Common/DerivedDataCache/Buckets/LegacyTEXTURE/09/53/25540e034a25e121063811effaba9ebec20a.udd" 3135
"C:/Users/???/AppData/Local/UnrealEngine/Common/DerivedDataCache/Buckets/LegacyTEXTURE/b8/1f/b58c1946ec5fffeb7d0ac857d3b89e869f5e.udd" 3136
"C:/Users/???/AppData/Local/UnrealEngine/Common/DerivedDataCache/Buckets/LegacyTEXTURE/64/8b/48a341783be7a25b1f307482b814561da2f1.udd" 3137
"C:/Users/???/AppData/Local/UnrealEngine/Common/DerivedDataCache/Buckets/LegacyTEXTURE/eb/cc/9e727d5ae0881254b16773f71e9cbd71bb07.udd" 3138
"C:/Users/???/AppData/Local/UnrealEngine/Common/DerivedDataCache/Buckets/LegacyTEXTURE/b9/e3/82474e0fa3d6d05de4d8d121e716a1d20ed1.udd" 3139
"C:/Users/???/AppData/Local/UnrealEngine/Common/DerivedDataCache/Buckets/LegacyTEXTURE/52/f3/2180338758f4e0fb6e2b2727ab56cf121dff.udd" 3140
"C:/Users/???/AppData/Local/UnrealEngine/Common/DerivedDataCache/Buckets/LegacyTEXTURE/7c/2b/4639139096dc6c3ef51327ff9d4b84ca5d09.udd" 3141
"C:/Users/???/AppData/Local/UnrealEngine/Common/DerivedDataCache/Buckets/LegacyTEXTURE/61/4c/7d348425654762e2c4c7c8ea641d227e688a.udd" 3142
"C:/Users/???/AppData/Local/UnrealEngine/Common/DerivedDataCache/Buckets/LegacyAudio/91/ab/84541f1ed0a1e2177637fd7b5002efcd4f3c.udd" 3143
"C:/Users/???/AppData/Local/UnrealEngine/Common/DerivedDataCache/Buckets/LegacySTREAMEDAUDIO/1c/ae/0ce9a18f814ebc24ce50a268ed798163a7cf.udd" 3144
"C:/Users/???/AppData/Local/UnrealEngine/Common/DerivedDataCache/Buckets/LegacyAudio/ec/80/e23aeb107c886475dd97ba4cd2e4161936b6.udd" 3145
"C:/Users/???/AppData/Local/UnrealEngine/Common/DerivedDataCache/Buckets/LegacySTREAMEDAUDIO/8e/7d/5f21c72fd583d500aaf90fc98046aac7f742.udd" 3146
"C:/Users/???/AppData/Local/UnrealEngine/Common/DerivedDataCache/Buckets/LegacySTREAMEDAUDIO/f2/a4/e303e263ef77695f778a8063f782bf74adea.udd" 3147
"C:/Users/???/AppData/Local/UnrealEngine/Common/DerivedDataCache/Buckets/LegacyAudio/1c/ff/204a779950dc5cf45aadcb6a6f7c78c4f58b.udd" 3148
"C:/Users/???/AppData/Local/UnrealEngine/Common/DerivedDataCache/Buckets/LegacyTEXTURE/8d/9e/c726a77de00d899d42115099d38ab0c3683a.udd" 3149
"C:/Users/???/AppData/Local/UnrealEngine/Common/DerivedDataCache/Buckets/LegacyTEXTURE/7b/0d/79d4461eb36e3a570a6eb255eb5f31ff7b38.udd" 3150
"C:/Users/???/AppData/Local/UnrealEngine/Common/DerivedDataCache/Buckets/LegacyTEXTURE/52/01/5b6de8b3b77ca73161bb3a1540f7862e1839.udd" 3151
"C:/Users/???/AppData/Local/UnrealEngine/Common/DerivedDataCache/Buckets/LegacyTEXTURE/2d/66/ef397558a57540ce997c873a6ab7aa76055b.udd" 3152
"C:/Users/???/AppData/Local/UnrealEngine/Common/DerivedDataCache/Buckets/LegacyTEXTURE/36/df/018e092b678844cc59eb39c1bbf34f7fa7e7.udd" 3153
"C:/Users/???/AppData/Local/UnrealEngine/Common/DerivedDataCache/Buckets/LegacyTEXTURE/95/34/f7719f81ca1a76d04f0f2b8b9cc9aba2ad55.udd" 3154
"C:/Users/???/AppData/Local/UnrealEngine/Common/DerivedDataCache/Buckets/LegacyTEXTURE/50/f7/bd5af49a2f9fd9a39316eaa47783528e5f57.udd" 3155
"C:/Users/???/AppData/Local/UnrealEngine/Common/DerivedDataCache/Buckets/LegacySTREAMEDAUDIO/4c/e9/85c91d6ae497f9aaea7603c0495607938460.udd" 3156
"C:/Users/???/AppData/Local/UnrealEngine/Common/DerivedDataCache/Buckets/LegacySTREAMEDAUDIO/88/6d/5b82551ab10d198a889fb3642141d1b2fa33.udd" 3157
"C:/Users/???/AppData/Local/UnrealEngine/Common/DerivedDataCache/Buckets/LegacySTREAMEDAUDIO/38/1d/09b178f0d798b3d07ab6fadb3b4db14e9312.udd" 3158
"C:/Users/???/AppData/Local/UnrealEngine/Common/DerivedDataCache/Buckets/LegacySTREAMEDAUDIO/fa/79/7be2b056add2b79fed6d707c6eea9095512e.udd" 3159
"C:/Users/???/AppData/Local/UnrealEngine/Common/DerivedDataCache/Buckets/LegacySTREAMEDAUDIO/8f/ab/36b7997713440cecd0f7960acc62def51e52.udd" 3160
"C:/Users/???/AppData/Local/UnrealEngine/Common/DerivedDataCache/Buckets/LegacyAudio/5b/3f/dcb86342601e34dc106a8aa52b438ea4187c.udd" 3161
"C:/Users/???/AppData/Local/UnrealEngine/Common/DerivedDataCache/Buckets/LegacySTREAMEDAUDIO/50/9c/08104c9dc392da9dc3475ed37dac4ecd6fd6.udd" 3162
"C:/Users/???/AppData/Local/UnrealEngine/Common/DerivedDataCache/Buckets/LegacyTEXTURE/19/e5/dd6bf601a8c562187436ad5b73e352703e2e.udd" 3163
"C:/Users/???/AppData/Local/UnrealEngine/Common/DerivedDataCache/Buckets/LegacyTEXTURE/2c/56/afd29cc74c2caf5d24ad9116b81527fb4256.udd" 3164
"C:/Users/???/AppData/Local/UnrealEngine/Common/DerivedDataCache/Content/fd/db/e1f171f88e0e4479422c7430e31f8c772d4d.udd" 3165
"C:/Users/???/AppData/Local/UnrealEngine/Common/DerivedDataCache/Content/2c/db/887458953071673b0fd6dcf28d0d3485574d.udd" 3166
"C:/Users/???/AppData/Local/UnrealEngine/Common/DerivedDataCache/Buckets/LegacyTEXTURE/27/e8/8099f2d2d7d83d0b45c29d55cfec5cdd3401.udd" 3167
"C:/Users/???/AppData/Local/UnrealEngine/Common/DerivedDataCache/Buckets/LegacySTREAMEDAUDIO/45/63/8416f4f1fbe853641f02d29ae2c4c44beab8.udd" 3168
"C:/Users/???/AppData/Local/UnrealEngine/Common/DerivedDataCache/Buckets/LegacyTEXTURE/0e/e9/0d72601bdbf95e52f331a864a5452449d12c.udd" 3169
"C:/Users/???/AppData/Local/UnrealEngine/Common/DerivedDataCache/Buckets/LegacySTREAMEDAUDIO/02/bb/ceef108e3a3e3aa987e2d7547259564e4f9b.udd" 3170
"C:/Users/???/AppData/Local/UnrealEngine/Common/DerivedDataCache/Buckets/LegacyTEXTURE/0a/cf/d0d7bcd479ec4a00c69b702146f9b4a6dfe2.udd" 3171
"C:/Users/???/AppData/Local/UnrealEngine/Common/DerivedDataCache/Buckets/LegacySTREAMEDAUDIO/e1/bc/b107010b363b0fdf1b47b43b8eda660074bb.udd" 3172
"C:/Users/???/AppData/Local/UnrealEngine/Common/DerivedDataCache/Buckets/LegacyTEXTURE/50/f9/da5ef4fc867d14843077708da400ece1244e.udd" 3173
"C:/Users/???/AppData/Local/UnrealEngine/Common/DerivedDataCache/Buckets/LegacyTEXTURE/be/64/44b76b0fc88c5bf6d6fd010b863b0e36e8d1.udd" 3174
"C:/Users/???/AppData/Local/UnrealEngine/Common/DerivedDataCache/Buckets/LegacyTEXTURE/9d/fc/50e4cec312948d99450f6a03c38548f18dbb.udd" 3175
"C:/Users/???/AppData/Local/UnrealEngine/Common/DerivedDataCache/Buckets/LegacyTEXTURE/e1/12/f428a707a3b3e8f552e3c56be06e7288e9dc.udd" 3176
"C:/Users/???/AppData/Local/UnrealEngine/Common/DerivedDataCache/Buckets/LegacyTEXTURE/50/15/14875d4cb488f0e3aae710efa8cb415c32da.udd" 3177
"C:/Users/???/AppData/Local/UnrealEngine/Common/DerivedDataCache/Buckets/LegacyTEXTURE/5c/cf/b52d130a4f9cf3ede2565f731ddf34273a81.udd" 3178
"C:/Users/???/AppData/Local/UnrealEngine/Common/DerivedDataCache/Buckets/LegacyTEXTURE/8e/0e/56eaf33c3bdf894a5220f86fd7d6a4cd027d.udd" 3179
"C:/Users/???/AppData/Local/UnrealEngine/Common/DerivedDataCache/Buckets/LegacyTEXTURE/d4/29/c3b6a68cffe0f070977737845b2bcf7f1fce.udd" 3180
"C:/Users/???/AppData/Local/UnrealEngine/Common/DerivedDataCache/Buckets/LegacyTEXTURE/4f/9e/62a230dfb5dd7a31336c49756fc44914f940.udd" 3181
"C:/Users/???/AppData/Local/UnrealEngine/Common/DerivedDataCache/Buckets/LegacyTEXTURE/c2/81/e272b9d43824226170728aa4b349101ff090.udd" 3182
"C:/Users/???/AppData/Local/UnrealEngine/Common/DerivedDataCache/Buckets/LegacyTEXTURE/9a/db/da4ecdb0cc5a0ea86ee63a1fb36a29fe2c58.udd" 3183
"C:/Users/???/AppData/Local/UnrealEngine/Common/DerivedDataCache/Buckets/LegacyTEXTURE/a9/5b/7acc63ca0c87bee97fe8c44d2010892c54e7.udd" 3184
"C:/Users/???/AppData/Local/UnrealEngine/Common/DerivedDataCache/Buckets/LegacyTEXTURE/04/f7/0c5f25cea31b504b6efdaad025d0c6caf425.udd" 3185
"C:/Users/???/AppData/Local/UnrealEngine/Common/DerivedDataCache/Buckets/LegacyTEXTURE/6e/d0/3b684c4a50bc7c95a34f84a072cf02c36ac2.udd" 3186
"C:/Users/???/AppData/Local/UnrealEngine/Common/DerivedDataCache/Buckets/LegacyTEXTURE/5e/26/fd696f876ed8455dc88b43d008ff339480e6.udd" 3187
"C:/Users/???/AppData/Local/UnrealEngine/Common/DerivedDataCache/Buckets/LegacyTEXTURE/21/b4/bf57240a8ee141c930a5266c81cc20231723.udd" 3188
"C:/Users/???/AppData/Local/UnrealEngine/Common/DerivedDataCache/Buckets/LegacyTEXTURE/0d/4a/14b7a272d422745a8dd69380038529da2ac7.udd" 3189
"C:/Users/???/AppData/Local/UnrealEngine/Common/DerivedDataCache/Buckets/LegacyTEXTURE/63/69/0d77c3ff04d14ddda0084afe55f60a46b9b8.udd" 3190
"C:/Users/???/AppData/Local/UnrealEngine/Common/DerivedDataCache/Buckets/LegacyTEXTURE/4c/c4/0630d90569a0ae042b21a329234c64c40fd5.udd" 3191
"C:/Users/???/AppData/Local/UnrealEngine/Common/DerivedDataCache/Buckets/LegacyTEXTURE/14/e1/2997d2d34e0c477b9f38b830919fce5db6a1.udd" 3192
"C:/Users/???/AppData/Local/UnrealEngine/Common/DerivedDataCache/Buckets/LegacyTEXTURE/ba/bb/5240f8fb25fd9fc10911877e8ec0d56ccb6f.udd" 3193
"C:/Users/???/AppData/Local/UnrealEngine/Common/DerivedDataCache/Buckets/LegacyAudio/53/28/c9da6be198748fcc5ac0983e1b01b79bb802.udd" 3194
"C:/Users/???/AppData/Local/UnrealEngine/Common/DerivedDataCache/Buckets/LegacyAudio/31/3a/bb1fdc0d85a32113e693ef08127530dd1daa.udd" 3195
"C:/Users/???/AppData/Local/UnrealEngine/Common/DerivedDataCache/Buckets/LegacySTREAMEDAUDIO/38/ae/8d6319735789b91d94891d0542d348843dab.udd" 3196
"C:/Users/???/AppData/Local/UnrealEngine/Common/DerivedDataCache/Buckets/LegacyAudio/be/8c/8490e079c713eef8aa9b3128361fa3df3f41.udd" 3197
"C:/Users/???/AppData/Local/UnrealEngine/Common/DerivedDataCache/Buckets/LegacySTREAMEDAUDIO/6b/8c/6cf49b328afb81902c82248f554dc7891821.udd" 3198
"C:/Users/???/AppData/Local/UnrealEngine/Common/DerivedDataCache/Buckets/LegacySTREAMEDAUDIO/33/c7/6e7440ca7f35d3d40bcc0c08e9ddff9af85e.udd" 3199
"C:/Users/???/AppData/Local/UnrealEngine/Common/DerivedDataCache/Buckets/LegacySTREAMEDAUDIO/0f/11/6dd964f03f4d8db974afa662aef18138723c.udd" 3200
"C:/Users/???/AppData/Local/UnrealEngine/Common/DerivedDataCache/Buckets/LegacySTREAMEDAUDIO/24/98/dbe918de0d69a1241a8b59a07831f4d6e1a2.udd" 3201
"C:/Users/???/AppData/Local/UnrealEngine/Common/DerivedDataCache/Buckets/LegacyAudio/14/2a/41c9034834f38cc39eabbfba74caae3da8eb.udd" 3202
"C:/Users/???/AppData/Local/UnrealEngine/Common/DerivedDataCache/Buckets/LegacyAudio/cf/93/59f035e23748f3e9ddfadf28fa9cc93b1f7f.udd" 3203
"C:/Users/???/AppData/Local/UnrealEngine/Common/DerivedDataCache/Buckets/LegacyAudio/6a/eb/82c16a75e02bcd7b98861788168a571ee9de.udd" 3204
"C:/Users/???/AppData/Local/UnrealEngine/Common/DerivedDataCache/Buckets/LegacyAudio/fb/09/caf09bc9505fb1473291b24283cc83511acb.udd" 3205
"C:/Users/???/AppData/Local/UnrealEngine/Common/DerivedDataCache/Buckets/LegacyAudio/50/f3/53e1ea3da637d411cc735d3a3aa5eee4f28e.udd" 3206
"C:/Users/???/AppData/Local/UnrealEngine/Common/DerivedDataCache/Buckets/LegacySTREAMEDAUDIO/5b/a7/43a69cc060b25768c59afae2753e311dc5a4.udd" 3207
"C:/Users/???/AppData/Local/UnrealEngine/Common/DerivedDataCache/Buckets/LegacySTREAMEDAUDIO/82/5a/6394dfac08afc0430aee5ffffae156e0f3ce.udd" 3208
"C:/Users/???/AppData/Local/UnrealEngine/Common/DerivedDataCache/Buckets/LegacySTREAMEDAUDIO/4c/35/ceaafcac107446cbde837903e6d6ebe19d8d.udd" 3209
"C:/Users/???/AppData/Local/UnrealEngine/Common/DerivedDataCache/Buckets/LegacySTREAMEDAUDIO/4f/a4/5634baa4da0a5581779c6ec96f6044200d12.udd" 3210
"C:/Users/???/AppData/Local/UnrealEngine/Common/DerivedDataCache/Buckets/LegacySTREAMEDAUDIO/09/10/511b940bffc2e9e75d7406f416a9f6238c04.udd" 3211
"C:/Users/???/AppData/Local/UnrealEngine/Common/DerivedDataCache/Buckets/LegacySTREAMEDAUDIO/e7/52/50b8dd0bff98782aa509fb8493fa8127690a.udd" 3212
"C:/Users/???/AppData/Local/UnrealEngine/Common/DerivedDataCache/Buckets/LegacySTREAMEDAUDIO/13/71/60a6360a06e4f17c2e92e6db7a722558d783.udd" 3213
"C:/Users/???/AppData/Local/UnrealEngine/Common/DerivedDataCache/Buckets/LegacySTREAMEDAUDIO/c6/3c/02f1dcd1e7fe8692fe814c744a33b5cf672e.udd" 3214
"C:/Users/???/AppData/Local/UnrealEngine/Common/DerivedDataCache/Buckets/LegacySTREAMEDAUDIO/7f/30/9487bbe5eeefe9f30f3ebd9910a88294e0d5.udd" 3215
"C:/Users/???/AppData/Local/UnrealEngine/Common/DerivedDataCache/Buckets/LegacySTREAMEDAUDIO/33/00/35ab6fda29f44b148ca96fb3984396563cbc.udd" 3216
"C:/Users/???/AppData/Local/UnrealEngine/Common/DerivedDataCache/Buckets/LegacySTREAMEDAUDIO/82/d5/895c303730cc5038707c7355883c4f5d369f.udd" 3217
"C:/Users/???/AppData/Local/UnrealEngine/Common/DerivedDataCache/Buckets/LegacySTREAMEDAUDIO/63/fe/8b88b0abc84e769e14ae142cb020fb452741.udd" 3218
"C:/Users/???/AppData/Local/UnrealEngine/Common/DerivedDataCache/Buckets/LegacySTREAMEDAUDIO/dc/9c/9560bfff4b480192700b2ce2f9325eb6b7ba.udd" 3219
"C:/Users/???/AppData/Local/UnrealEngine/Common/DerivedDataCache/Buckets/LegacySTREAMEDAUDIO/09/83/67d6a5573470ba9137017191464441d3e7d9.udd" 3220
"C:/Users/???/AppData/Local/UnrealEngine/Common/DerivedDataCache/Buckets/LegacySTREAMEDAUDIO/75/03/9f01be48bb671d4d1863ea704d4e3a04e5ae.udd" 3221
"C:/Users/???/AppData/Local/UnrealEngine/Common/DerivedDataCache/Buckets/LegacySTREAMEDAUDIO/16/1d/92c548f5e29948c5d488cff7c7d26c84014b.udd" 3222
"C:/Users/???/AppData/Local/UnrealEngine/Common/DerivedDataCache/Buckets/LegacySTREAMEDAUDIO/eb/cc/a8a0296201d7d1de9f168a5ce12e434af6bd.udd" 3223
"C:/Users/???/AppData/Local/UnrealEngine/Common/DerivedDataCache/Buckets/LegacySTREAMEDAUDIO/22/ad/9cbc7de8d4c3664d00088b1239aace805c0c.udd" 3224
"C:/Users/???/AppData/Local/UnrealEngine/Common/DerivedDataCache/Buckets/LegacySTREAMEDAUDIO/0c/6b/7de39ef5c112946ec390ecf7cb2d2b5de646.udd" 3225
"C:/Users/???/AppData/Local/UnrealEngine/Common/DerivedDataCache/Buckets/BulkDataList/e2/2d/703f5ccfde7c23658baee1a659257039275a.udd" 3226
"C:/Unreal_Study/UE5/UE_Project/MyProject/Content/SwordTrailVFX/Textures/Mask/T_TrailMask_19.uasset" 3227
"C:/Users/???/AppData/Local/UnrealEngine/Common/DerivedDataCache/Buckets/BulkDataList/c7/ad/e57500bbdf6adce0240382d5db611e05a1ff.udd" 3228
"C:/Unreal_Study/UE5/UE_Project/MyProject/Content/SwordTrailVFX/Textures/Mask/T_TrailMask_18.uasset" 3229
"C:/Users/???/AppData/Local/UnrealEngine/Common/DerivedDataCache/Buckets/BulkDataList/2c/74/2cd920104abb4c003336cee237d8d32ae755.udd" 3230
"C:/Unreal_Study/UE5/UE_Project/MyProject/Content/SwordTrailVFX/Textures/Mask/T_TrailMask_17.uasset" 3231
"C:/Users/???/AppData/Local/UnrealEngine/Common/DerivedDataCache/Buckets/BulkDataList/69/fd/ea0c6dcbf213861796605e6ce8b9d62cb994.udd" 3232
"C:/Unreal_Study/UE5/UE_Project/MyProject/Content/SwordTrailVFX/Textures/Mask/T_TrailMask_16.uasset" 3233
"C:/Users/???/AppData/Local/UnrealEngine/Common/DerivedDataCache/Buckets/BulkDataList/3a/f0/38f311d08d19b90e60aa4a11ad350a8ed889.udd" 3234
"C:/Unreal_Study/UE5/UE_Project/MyProject/Content/SwordTrailVFX/Textures/Mask/T_TrailMask_15.uasset" 3235
"C:/Users/???/AppData/Local/UnrealEngine/Common/DerivedDataCache/Buckets/BulkDataList/c7/29/84c021bbf099b423093b851a358585d8b338.udd" 3236
"C:/Unreal_Study/UE5/UE_Project/MyProject/Content/SwordTrailVFX/Textures/Mask/T_TrailMask_14.uasset" 3237
"C:/Users/???/AppData/Local/UnrealEngine/Common/DerivedDataCache/Buckets/BulkDataList/f4/6d/fe13c1f2fe4406fe037cfbe4d9cf6df2e514.udd" 3238
"C:/Unreal_Study/UE5/UE_Project/MyProject/Content/SwordTrailVFX/Textures/Mask/T_TrailMask_12.uasset" 3239
"C:/Users/???/AppData/Local/UnrealEngine/Common/DerivedDataCache/Buckets/BulkDataList/e4/a2/2dc9eaa8da08e9553a370882086ca9b5e368.udd" 3240
"C:/Unreal_Study/UE5/UE_Project/MyProject/Content/SwordTrailVFX/Textures/Mask/T_TrailMask_11.uasset" 3241
"C:/Users/???/AppData/Local/UnrealEngine/Common/DerivedDataCache/Buckets/BulkDataList/87/cb/28adff016682a1e8cab2f17073d652c8b2b3.udd" 3242
"C:/Unreal_Study/UE5/UE_Project/MyProject/Content/SwordTrailVFX/Textures/Mask/T_TrailMask_09.uasset" 3243
"C:/Users/???/AppData/Local/UnrealEngine/Common/DerivedDataCache/Buckets/BulkDataList/d3/c6/019bec9bfb1eaa4de07476ae0c38f3647707.udd" 3244
"C:/Unreal_Study/UE5/UE_Project/MyProject/Content/SwordTrailVFX/Textures/Mask/T_TrailMask_08.uasset" 3245
"C:/Users/???/AppData/Local/UnrealEngine/Common/DerivedDataCache/Buckets/BulkDataList/17/1e/3ea5dc379764852a65e62c11ed95a5497186.udd" 3246
"C:/Unreal_Study/UE5/UE_Project/MyProject/Content/SwordTrailVFX/Textures/Mask/T_TrailMask_07.uasset" 3247
"C:/Unreal_Study/UE5/UE_Project/MyProject/Content/SwordTrailVFX/Textures/Mask/T_TrailMask_06.uasset" 3248
"C:/Unreal_Study/UE5/UE_Project/MyProject/Content/SwordTrailVFX/Textures/Mask/T_TrailMask_05.uasset" 3249
"C:/Unreal_Study/UE5/UE_Project/MyProject/Content/SwordTrailVFX/Textures/Mask/T_TrailMask_04.uasset" 3250
"C:/Users/???/AppData/Local/UnrealEngine/Common/DerivedDataCache/Buckets/LegacyTEXTURE/1d/3f/8912f856f926da804ba10702f050b53a7577.udd" 3251
"C:/Users/???/AppData/Local/UnrealEngine/Common/DerivedDataCache/Buckets/LegacyTEXTURE/ed/8e/9d93b87037d1f4d15a8b72b3dcf93178a387.udd" 3252
"C:/Users/???/AppData/Local/UnrealEngine/Common/DerivedDataCache/Buckets/LegacyTEXTURE/15/bb/69679728c922f14f596e92cf8e46b3b7f4e6.udd" 3253
"C:/Users/???/AppData/Local/UnrealEngine/Common/DerivedDataCache/Buckets/LegacyTEXTURE/ed/41/a32148cd1bd8e2a0ae7cd23e269c706208b8.udd" 3254
"C:/Users/???/AppData/Local/UnrealEngine/Common/DerivedDataCache/Buckets/LegacyTEXTURE/21/0e/a1cc37fc3f95dbe3f92dc83ab5f9fff49f48.udd" 3255
"C:/Users/???/AppData/Local/UnrealEngine/Common/DerivedDataCache/Buckets/LegacyTEXTURE/08/0f/bb105fa5462bde4af9dd56c9bed4544b2fd4.udd" 3256
"C:/Users/???/AppData/Local/UnrealEngine/Common/DerivedDataCache/Buckets/LegacyTEXTURE/b1/72/293de5facdaed9cd51259a77aa99b18b217d.udd" 3257
"C:/Users/???/AppData/Local/UnrealEngine/Common/DerivedDataCache/Buckets/LegacyTEXTURE/51/4b/ade6f94c8516067f09672ef4b87304775073.udd" 3258
"C:/Users/???/AppData/Local/UnrealEngine/Common/DerivedDataCache/Buckets/LegacyTEXTURE/8d/94/9b4eedb1f41db4f26d93127f274028e5d7e5.udd" 3259
"C:/Users/???/AppData/Local/UnrealEngine/Common/DerivedDataCache/Buckets/LegacyTEXTURE/ab/19/90e06e715cb744f8902b8619cfeb2a0f6660.udd" 3260
"C:/Users/???/AppData/Local/UnrealEngine/Common/DerivedDataCache/Buckets/LegacyTEXTURE/2a/fe/5014227e656428e312fb21f68e2fdea0b2d9.udd" 3261
"C:/Users/???/AppData/Local/UnrealEngine/Common/DerivedDataCache/Buckets/LegacyTEXTURE/c2/6f/e497a2926b67f5d74eb8eff6d9de61c6016d.udd" 3262
"C:/Users/???/AppData/Local/UnrealEngine/Common/DerivedDataCache/Buckets/LegacyTEXTURE/51/3a/296e4f22e5f9cda453b7b767ff342dd860ed.udd" 3263
"C:/Users/???/AppData/Local/UnrealEngine/Common/DerivedDataCache/Buckets/LegacyTEXTURE/93/8e/f26654a28349b2f7b67d54ab23a12cda85c2.udd" 3264
"C:/Users/???/AppData/Local/UnrealEngine/Common/DerivedDataCache/Buckets/LegacyTEXTURE/50/9e/e98d16305f724bcb72b35ea762170e973bd5.udd" 3265
"C:/Users/???/AppData/Local/UnrealEngine/Common/DerivedDataCache/Buckets/LegacyTEXTURE/c9/55/a12d3fc63ea47160d0effd095e295413499a.udd" 3266
"C:/Users/???/AppData/Local/UnrealEngine/Common/DerivedDataCache/Buckets/LegacyTEXTURE/74/76/757bca468b64c81320a207b2ff854ab5e772.udd" 3267
"C:/Users/???/AppData/Local/UnrealEngine/Common/DerivedDataCache/Buckets/LegacyTEXTURE/cf/e0/041836999e651fa7baa5a96384ef1a7e72fe.udd" 3268
"C:/Users/???/AppData/Local/UnrealEngine/Common/DerivedDataCache/Buckets/LegacyTEXTURE/7a/1e/fad3f50ce6d0430f89c1ec09c5a683bed6d7.udd" 3269
"C:/Users/???/AppData/Local/UnrealEngine/Common/DerivedDataCache/Buckets/LegacyTEXTURE/34/33/dbe2da3e6102b88868f0739ea4c563bf3c7b.udd" 3270
"C:/Users/???/AppData/Local/UnrealEngine/Common/DerivedDataCache/Buckets/LegacyTEXTURE/68/99/3f151bf13976bad152f9c96f6c46caa64ba7.udd" 3271
"C:/Unreal_Study/UE5/UE_Project/MyProject/Content/SwordTrailVFX/Textures/Mask/T_TrailMask_03.uasset" 3272
"C:/Users/???/AppData/Local/UnrealEngine/Common/DerivedDataCache/Buckets/LegacyTEXTURE/30/6d/9406b2c17fcec0d143f6056f3af0feebfb00.udd" 3273
"C:/Users/???/AppData/Local/UnrealEngine/Common/DerivedDataCache/Buckets/LegacyTEXTURE/80/3f/61a3367c61190dc0f8f54d77232bd00470ad.udd" 3274
"C:/Users/???/AppData/Local/UnrealEngine/Common/DerivedDataCache/Buckets/LegacyTEXTURE/00/cc/93ff751392ec9796c17520413a136087d802.udd" 3275
"C:/Users/???/AppData/Local/UnrealEngine/Common/DerivedDataCache/Buckets/LegacyTEXTURE/ec/33/9ac7370104b2dfdb71cc6a0e6654c2808ebd.udd" 3276
"C:/Users/???/AppData/Local/UnrealEngine/Common/DerivedDataCache/Buckets/LegacyTEXTURE/19/df/11a49c1932867db8fa1eba19047d9c1e9222.udd" 3277
"C:/Users/???/AppData/Local/UnrealEngine/Common/DerivedDataCache/Buckets/LegacyTEXTURE/65/fa/ca543076cd1b5d214bbfdadb2a738d415e27.udd" 3278
"C:/Users/???/AppData/Local/UnrealEngine/Common/DerivedDataCache/Buckets/LegacyTEXTURE/94/00/8a6bf7dd6e89e9519fb33afe5adebd52563c.udd" 3279
"C:/Users/???/AppData/Local/UnrealEngine/Common/DerivedDataCache/Buckets/LegacyTEXTURE/80/01/7eda12fcc6300c62a56aed19c56a58c70e1f.udd" 3280
"C:/Unreal_Study/UE5/UE_Project/MyProject/Content/SwordTrailVFX/Textures/Mask/T_TrailMask_02.uasset" 3281
"C:/Users/???/AppData/Local/UnrealEngine/Common/DerivedDataCache/Buckets/LegacyTEXTURE/13/6b/54248dbb13936282730354934bfce719faba.udd" 3282
"C:/Users/???/AppData/Local/UnrealEngine/Common/DerivedDataCache/Buckets/LegacyTEXTURE/0b/06/63d2ef2bc440172075035c28a0650240ccc7.udd" 3283
"C:/Users/???/AppData/Local/UnrealEngine/Common/DerivedDataCache/Buckets/LegacyTEXTURE/02/f5/6d49c2aa234497e347d75d2a9dd86492cce8.udd" 3284
"C:/Users/???/AppData/Local/UnrealEngine/Common/DerivedDataCache/Buckets/LegacyTEXTURE/01/85/be7a1fbebc902e5a26facc66a981bf99189b.udd" 3285
"C:/Users/???/AppData/Local/UnrealEngine/Common/DerivedDataCache/Buckets/LegacyTEXTURE/5a/a8/66026eaa5c035ab36af0f8a10b13507d9ebe.udd" 3286
"C:/Users/???/AppData/Local/UnrealEngine/Common/DerivedDataCache/Buckets/LegacyTEXTURE/3f/14/4d875c1c13b68be62aff8ea3a13f763a3f1d.udd" 3287
"C:/Users/???/AppData/Local/UnrealEngine/Common/DerivedDataCache/Buckets/LegacyTEXTURE/0e/e2/bf05eb1233d42eb579e5665b6d3882f952ad.udd" 3288
"C:/Unreal_Study/UE5/UE_Project/MyProject/Content/SwordTrailVFX/Textures/Mask/T_TrailMask_01.uasset" 3289
"C:/Users/???/AppData/Local/UnrealEngine/Common/DerivedDataCache/Buckets/LegacyTEXTURE/08/0e/17d73ef479020072adcd14de864b942752eb.udd" 3290
"C:/Users/???/AppData/Local/UnrealEngine/Common/DerivedDataCache/Buckets/LegacyTEXTURE/05/0d/0e80f5ab8d0fbb658684fc38733ea1fae725.udd" 3291
"C:/Unreal_Study/UE5/UE_Project/MyProject/Content/SwordTrailVFX/Textures/T_Base_LC.uasset" 3292
"C:/Unreal_Study/UE5/UE_Project/MyProject/Content/SwordTrailVFX/Textures/RT_Draw.uasset" 3293
"C:/Unreal_Study/UE5/UE_Project/MyProject/Content/SwordTrailVFX/Materials/Draw/M_Draw.uasset" 3294
"C:/Unreal_Study/UE5/UE_Project/MyProject/Content/SwordTrailVFX/Demo/SKM_Man/Skeleton_Man.uasset" 3295
"C:/Unreal_Study/UE5/UE_Project/MyProject/Content/SwordTrailVFX/Demo/SKM_Man/PhA_Man.uasset" 3296
"C:/Unreal_Study/UE5/UE_Project/MyProject/Content/SwordTrailVFX/Demo/M_Base.uasset" 3297
"C:/Unreal_Study/UE5/UE_Project/MyProject/Content/Sound/?????_??_???_???_.uasset" 3298
"C:/Unreal_Study/UE5/UE_Project/MyProject/Content/Skill/BP_UltimateSwingEffect.uasset" 3299
"C:/Unreal_Study/UE5/UE_Project/MyProject/Content/Skill/BP_AOEEffect.uasset" 3300
"C:/Unreal_Study/UE5/UE_Project/MyProject/Content/sA_PickupSet_1/Materials/Textures/T_Shield_1.uasset" 3301
"C:/Unreal_Study/UE5/UE_Project/MyProject/Content/sA_PickupSet_1/Materials/Textures/T_Ray_5.uasset" 3302
"C:/Users/???/AppData/Local/UnrealEngine/Common/DerivedDataCache/Buckets/BulkDataList/ae/b5/7276807da0694fee4b6ac3877929540334ff.udd" 3303
"C:/Users/???/AppData/Local/UnrealEngine/Common/DerivedDataCache/Buckets/BulkDataList/23/7b/9bef64ad991f9759dc71dd4bf72a7e6644b3.udd" 3304
"C:/Unreal_Study/UE5/UE_Project/MyProject/Content/sA_PickupSet_1/Materials/Textures/T_Noise_DistortedCaustic.uasset" 3305
"C:/Users/???/AppData/Local/UnrealEngine/Common/DerivedDataCache/Buckets/BulkDataList/52/e0/433fb1a75123c9c446d4efaa0ebfa13301fe.udd" 3306
"C:/Unreal_Study/UE5/UE_Project/MyProject/Content/sA_PickupSet_1/Materials/Textures/T_NoiseFurry.uasset" 3307
"C:/Users/???/AppData/Local/UnrealEngine/Common/DerivedDataCache/Buckets/BulkDataList/86/d3/07b2b50a39db36da1fb69df0417a87e3ff46.udd" 3308
"C:/Users/???/AppData/Local/UnrealEngine/Common/DerivedDataCache/Buckets/LegacyTEXTURE/ce/2f/48d25a25c96ea930669ab8166148db1d9ff9.udd" 3309
"C:/Users/???/AppData/Local/UnrealEngine/Common/DerivedDataCache/Buckets/LegacyTEXTURE/85/55/a9425ee717146e30992ed5e8f989459fae79.udd" 3310
"C:/Users/???/AppData/Local/UnrealEngine/Common/DerivedDataCache/Buckets/LegacyTEXTURE/cf/7d/b38b240729a9501284e8954658cb877df27f.udd" 3311
"C:/Users/???/AppData/Local/UnrealEngine/Common/DerivedDataCache/Buckets/LegacyTEXTURE/ae/f7/dce2158f17ae3f1f5c4d2bbd98431d7a5097.udd" 3312
"C:/Unreal_Study/UE5/UE_Project/MyProject/Content/sA_PickupSet_1/Materials/Textures/T_NoiseCloud_2.uasset" 3313
"C:/Users/???/AppData/Local/UnrealEngine/Common/DerivedDataCache/Buckets/LegacyTEXTURE/ab/83/fd025df114cc2a5bd3aac7e389c285ea5613.udd" 3314
"C:/Users/???/AppData/Local/UnrealEngine/Common/DerivedDataCache/Buckets/LegacyTEXTURE/ce/87/25815ba57d7166c129a001379b1fbc17b0d9.udd" 3315
"C:/Users/???/AppData/Local/UnrealEngine/Common/DerivedDataCache/Buckets/LegacyTEXTURE/5a/03/652047732af10c1bf7f8f0d2d78e65da380f.udd" 3316
"C:/Users/???/AppData/Local/UnrealEngine/Common/DerivedDataCache/Buckets/LegacyTEXTURE/73/45/cb635006d9770fb710db872196245a218848.udd" 3317
"C:/Users/???/AppData/Local/UnrealEngine/Common/DerivedDataCache/Buckets/BulkDataList/de/df/ead0830a0dbcf9d00635f2fa2a6de640bf9b.udd" 3318
"C:/Users/???/AppData/Local/UnrealEngine/Common/DerivedDataCache/Buckets/LegacyTEXTURE/b8/30/341924a08bf4fa52128c5f8c13f6921b9d4d.udd" 3319
"C:/Unreal_Study/UE5/UE_Project/MyProject/Content/sA_PickupSet_1/Materials/Textures/T_NoiseCloud_1.uasset" 3320
"C:/Users/???/AppData/Local/UnrealEngine/Common/DerivedDataCache/Buckets/LegacyTEXTURE/b9/71/07d05005fbccbdfdf47d741297cab4dbe8be.udd" 3321
"C:/Users/???/AppData/Local/UnrealEngine/Common/DerivedDataCache/Buckets/LegacyTEXTURE/e3/bb/0e88d56bbbcfc70661db7b01c5f4a7654c35.udd" 3322
"C:/Users/???/AppData/Local/UnrealEngine/Common/DerivedDataCache/Buckets/BulkDataList/d0/82/ee8898f252b2e59c00317c4df19eaaa45d8b.udd" 3323
"C:/Users/???/AppData/Local/UnrealEngine/Common/DerivedDataCache/Buckets/LegacyTEXTURE/f7/9a/6337a8442e6f966c911c3afdc47e5767bab2.udd" 3324
"C:/Unreal_Study/UE5/UE_Project/MyProject/Content/sA_PickupSet_1/Materials/Textures/T_Beam_01.uasset" 3325
"C:/Users/???/AppData/Local/UnrealEngine/Common/DerivedDataCache/Buckets/LegacyTEXTURE/29/c0/243cb3840f870de41b267a3a2619708d590f.udd" 3326
"C:/Users/???/AppData/Local/UnrealEngine/Common/DerivedDataCache/Buckets/LegacyTEXTURE/41/13/e49b8cbe014fb020735cd5c08d8de42a6ebe.udd" 3327
"C:/Users/???/AppData/Local/UnrealEngine/Common/DerivedDataCache/Buckets/LegacyTEXTURE/43/04/81ae93f2b988d4b3530516ca8af76c2280d6.udd" 3328
"C:/Users/???/AppData/Local/UnrealEngine/Common/DerivedDataCache/Buckets/BulkDataList/21/82/80ef009c5610380a6ec84243e37de6664ea4.udd" 3329
"C:/Users/???/AppData/Local/UnrealEngine/Common/DerivedDataCache/Buckets/LegacyTEXTURE/ed/8b/5731d71309f804e1f1ad77065f7c2326ad58.udd" 3330
"C:/Unreal_Study/UE5/UE_Project/MyProject/Content/sA_PickupSet_1/Materials/Textures/Noise12.uasset" 3331
"C:/Users/???/AppData/Local/UnrealEngine/Common/DerivedDataCache/Buckets/BulkDataList/2e/43/31f338edd6fe994415165c09db181bf69ffc.udd" 3332
"C:/Unreal_Study/UE5/UE_Project/MyProject/Content/sA_PickupSet_1/Materials/Textures/Noise11.uasset" 3333
"C:/Users/???/AppData/Local/UnrealEngine/Common/DerivedDataCache/Buckets/BulkDataList/b7/8d/fb82492e921b8bf6c8316ba119758b0c84a1.udd" 3334
"C:/Unreal_Study/UE5/UE_Project/MyProject/Content/sA_PickupSet_1/Materials/Textures/Noise09.uasset" 3335
"C:/Users/???/AppData/Local/UnrealEngine/Common/DerivedDataCache/Buckets/BulkDataList/67/b3/8861c0895f8079291903c9db338c09ebbbb3.udd" 3336
"C:/Unreal_Study/UE5/UE_Project/MyProject/Content/sA_PickupSet_1/Materials/Textures/Noise08.uasset" 3337
"C:/Users/???/AppData/Local/UnrealEngine/Common/DerivedDataCache/Buckets/BulkDataList/50/0b/0dc0134a9d4e1f0e22b9b55b88e99264b82a.udd" 3338
"C:/Unreal_Study/UE5/UE_Project/MyProject/Content/sA_PickupSet_1/Materials/Textures/Noise07.uasset" 3339
"C:/Users/???/AppData/Local/UnrealEngine/Common/DerivedDataCache/Buckets/BulkDataList/6f/9b/3026a750a9fb4659dc91e9ee90ae38bca26c.udd" 3340
"C:/Unreal_Study/UE5/UE_Project/MyProject/Content/sA_PickupSet_1/Materials/Textures/Noise06.uasset" 3341
"C:/Users/???/AppData/Local/UnrealEngine/Common/DerivedDataCache/Buckets/BulkDataList/a1/42/b52d9b3fb675b4dd6f230217a95a91f7c6e4.udd" 3342
"C:/Unreal_Study/UE5/UE_Project/MyProject/Content/sA_PickupSet_1/Materials/Textures/Noise04.uasset" 3343
"C:/Users/???/AppData/Local/UnrealEngine/Common/DerivedDataCache/Buckets/BulkDataList/29/60/6a203dd4e57b39d5d5cad3e1c8efae1da108.udd" 3344
"C:/Unreal_Study/UE5/UE_Project/MyProject/Content/sA_PickupSet_1/Materials/Textures/Noise02.uasset" 3345
"C:/Users/???/AppData/Local/UnrealEngine/Common/DerivedDataCache/Buckets/BulkDataList/c2/10/57c3eb65436e8be5ff41ccba06cf3d269c21.udd" 3346
"C:/Unreal_Study/UE5/UE_Project/MyProject/Content/sA_PickupSet_1/Materials/Textures/Noise01.uasset" 3347
"C:/Users/???/AppData/Local/UnrealEngine/Common/DerivedDataCache/Buckets/BulkDataList/18/8e/7cacbecf011fc3dc64fa44d06ef28c3123e9.udd" 3348
"C:/Unreal_Study/UE5/UE_Project/MyProject/Content/sA_PickupSet_1/Materials/M_Master_MetalFX.uasset" 3349
"C:/Users/???/AppData/Local/UnrealEngine/Common/DerivedDataCache/Buckets/BulkDataList/80/1b/7c643b6ff5fbbeba528d5eb9676be16f6df3.udd" 3350
"C:/Unreal_Study/UE5/UE_Project/MyProject/Content/sA_PickupSet_1/Materials/M_Master_Fresnel.uasset" 3351
"C:/Users/???/AppData/Local/UnrealEngine/Common/DerivedDataCache/Buckets/BulkDataList/d4/78/4dd6936a0269bd89118b822bf66f6d56a38b.udd" 3352
"C:/Unreal_Study/UE5/UE_Project/MyProject/Content/sA_PickupSet_1/Materials/M_Ground.uasset" 3353
"C:/Users/???/AppData/Local/UnrealEngine/Common/DerivedDataCache/Buckets/BulkDataList/f8/70/caec7305d40a4e1405b536fbf260211d857e.udd" 3354
"C:/Unreal_Study/UE5/UE_Project/MyProject/Content/Player/Player.uasset" 3355
"C:/Users/???/AppData/Local/UnrealEngine/Common/DerivedDataCache/Buckets/BulkDataList/52/95/f1b14175758d4b88c7d79e674d4b0dcf232b.udd" 3356
"C:/Users/???/AppData/Local/UnrealEngine/Common/DerivedDataCache/Buckets/LegacyTEXTURE/c3/73/27ab8ee48ce86107deecc0b88893d6360d76.udd" 3357
"C:/Users/???/AppData/Local/UnrealEngine/Common/DerivedDataCache/Buckets/LegacyTEXTURE/18/9b/771499b29759d0fd576d13c078b9a90d4d6e.udd" 3358
"C:/Users/???/AppData/Local/UnrealEngine/Common/DerivedDataCache/Buckets/LegacyTEXTURE/4e/b9/5b959d7dba06bfa21ca763dfaba8659b68c9.udd" 3359
"C:/Users/???/AppData/Local/UnrealEngine/Common/DerivedDataCache/Buckets/LegacyTEXTURE/a8/1e/2235aacc836e5714c71f35b4d245787a0120.udd" 3360
"C:/Users/???/AppData/Local/UnrealEngine/Common/DerivedDataCache/Buckets/LegacyTEXTURE/68/60/7c3a87d844d6cb4c56716aaedd5b38f3a953.udd" 3361
"C:/Users/???/AppData/Local/UnrealEngine/Common/DerivedDataCache/Buckets/LegacyTEXTURE/38/b5/3696569e9552079c0426a2e003636099df2f.udd" 3362
"C:/Users/???/AppData/Local/UnrealEngine/Common/DerivedDataCache/Buckets/LegacyTEXTURE/4b/02/824e74672fa12f59a83947a56498cc243ec7.udd" 3363
"C:/Unreal_Study/UE5/UE_Project/MyProject/Content/Player/Mannequin.uasset" 3364
"C:/Users/???/AppData/Local/UnrealEngine/Common/DerivedDataCache/Buckets/LegacyTEXTURE/1c/a7/4e75765c29828fa5d2efdca554a42de613b7.udd" 3365
"C:/Users/???/AppData/Local/UnrealEngine/Common/DerivedDataCache/Buckets/LegacyTEXTURE/83/55/81dae7ac3ae7cc121ccf6a0a86325e2e34ae.udd" 3366
"C:/Users/???/AppData/Local/UnrealEngine/Common/DerivedDataCache/Buckets/LegacyTEXTURE/46/ec/a6a2c41ba47650a8ed00204dba9b67c86135.udd" 3367
"C:/Users/???/AppData/Local/UnrealEngine/Common/DerivedDataCache/Buckets/LegacyTEXTURE/8a/5e/403f200aec58cf8e8ecfc06270f515d4e9c6.udd" 3368
"C:/Users/???/AppData/Local/UnrealEngine/Common/DerivedDataCache/Buckets/LegacyTEXTURE/9f/f6/90210e8bb489780db5ccb23af55a88d9ef8b.udd" 3369
"C:/Users/???/AppData/Local/UnrealEngine/Common/DerivedDataCache/Buckets/LegacyTEXTURE/51/30/24b1fd5aff377cba003114fbe8a8af882031.udd" 3370
"C:/Users/???/AppData/Local/UnrealEngine/Common/DerivedDataCache/Buckets/LegacyTEXTURE/c0/32/56308b6885834ace83f98169ae7b5c63281f.udd" 3371
"C:/Users/???/AppData/Local/UnrealEngine/Common/DerivedDataCache/Buckets/LegacyTEXTURE/40/36/6e97f0a3705cc78610a167c993946bf8a866.udd" 3372
"C:/Users/???/AppData/Local/UnrealEngine/Common/DerivedDataCache/Buckets/LegacyTEXTURE/69/31/59806781cef641f5eca1a31399f2d94c39d8.udd" 3373
"C:/Users/???/AppData/Local/UnrealEngine/Common/DerivedDataCache/Buckets/LegacyTEXTURE/44/0e/7c352ba4cf08ca9cc7464c4ba3a8b5f7758e.udd" 3374
"C:/Users/???/AppData/Local/UnrealEngine/Common/DerivedDataCache/Buckets/LegacyTEXTURE/3e/95/9ecf9867896969dec99bf4dca25c802c1513.udd" 3375
"C:/Users/???/AppData/Local/UnrealEngine/Common/DerivedDataCache/Buckets/LegacyTEXTURE/10/29/aa42fa482aaa8c13b5f68e403221823863b9.udd" 3376
"C:/Users/???/AppData/Local/UnrealEngine/Common/DerivedDataCache/Buckets/LegacyTEXTURE/d1/ea/f2e4daf781504e02f7b35ffce00e5f2a329f.udd" 3377
"C:/Users/???/AppData/Local/UnrealEngine/Common/DerivedDataCache/Buckets/LegacyTEXTURE/9f/83/da28a89a7b169039975f9ccef1715c663aa9.udd" 3378
"C:/Users/???/AppData/Local/UnrealEngine/Common/DerivedDataCache/Buckets/LegacyTEXTURE/c9/6c/7f5c3545dfaed4f78dbbc477976b40f7e856.udd" 3379
"C:/Users/???/AppData/Local/UnrealEngine/Common/DerivedDataCache/Buckets/LegacyTEXTURE/3e/75/a11c8f376362a968bbbdab0399a519ade840.udd" 3380
"C:/Users/???/AppData/Local/UnrealEngine/Common/DerivedDataCache/Buckets/LegacyTEXTURE/ad/99/451b39f965963cd2594b133ebdb6998c887e.udd" 3381
"C:/Users/???/AppData/Local/UnrealEngine/Common/DerivedDataCache/Buckets/LegacyTEXTURE/7b/3f/3c9ac0443c00224ed726a7a35e2cfeae2d01.udd" 3382
"C:/Users/???/AppData/Local/UnrealEngine/Common/DerivedDataCache/Buckets/LegacyTEXTURE/ef/0a/46991e8a529b58bf54fed1fd93b21430fa88.udd" 3383
"C:/Users/???/AppData/Local/UnrealEngine/Common/DerivedDataCache/Buckets/LegacyTEXTURE/33/df/578e9b484eb75a5e4bc5300e3a8e29dac31d.udd" 3384
"C:/Users/???/AppData/Local/UnrealEngine/Common/DerivedDataCache/Buckets/LegacyTEXTURE/9c/3a/148d123bde346794356c09f8c38f67d14060.udd" 3385
"C:/Users/???/AppData/Local/UnrealEngine/Common/DerivedDataCache/Buckets/LegacyTEXTURE/34/2a/dc24ad4516873cf63584df313445e116f439.udd" 3386
"C:/Users/???/AppData/Local/UnrealEngine/Common/DerivedDataCache/Buckets/LegacyTEXTURE/8b/39/71382468ab4ea7b30110f1b9838a6ac09305.udd" 3387
"C:/Users/???/AppData/Local/UnrealEngine/Common/DerivedDataCache/Buckets/LegacyTEXTURE/8d/e4/c56bf3fd57158a11de709927c92d9e1d4fdd.udd" 3388
"C:/Unreal_Study/UE5/UE_Project/MyProject/Content/PixieDustTrail/Textures/T_StarGlare_Small.uasset" 3389
"C:/Users/???/AppData/Local/UnrealEngine/Common/DerivedDataCache/Buckets/LegacyTEXTURE/0d/da/6365e152d268a2442a7866c86878f17db722.udd" 3390
"C:/Users/???/AppData/Local/UnrealEngine/Common/DerivedDataCache/Buckets/LegacyTEXTURE/29/a3/3b0d9802e8989cb7e3d1c45d5e6b0e8788d3.udd" 3391
"C:/Users/???/AppData/Local/UnrealEngine/Common/DerivedDataCache/Buckets/BulkDataList/de/10/bef1568872405ecb348b7d394cfb868c78fd.udd" 3392
"C:/Users/???/AppData/Local/UnrealEngine/Common/DerivedDataCache/Buckets/LegacyTEXTURE/66/8d/f1a599cca04142a227f37c3121ace70f3b82.udd" 3393
"C:/Users/???/AppData/Local/UnrealEngine/Common/DerivedDataCache/Buckets/LegacyTEXTURE/3f/4f/2854a2aea72992191177a00e4eca689be52e.udd" 3394
"C:/Users/???/AppData/Local/UnrealEngine/Common/DerivedDataCache/Buckets/LegacyTEXTURE/64/56/880454c07ced28f3e1ef988d2ae369c1c6e1.udd" 3395
"C:/Users/???/AppData/Local/UnrealEngine/Common/DerivedDataCache/Buckets/LegacyTEXTURE/3e/1d/869c13f6c278f98d3f4dd9453f185b25d83e.udd" 3396
"C:/Users/???/AppData/Local/UnrealEngine/Common/DerivedDataCache/Buckets/LegacyTEXTURE/60/3c/50ebd5aed60c320d1d7b9b6456d04a41fbfc.udd" 3397
"C:/Users/???/AppData/Local/UnrealEngine/Common/DerivedDataCache/Buckets/LegacyTEXTURE/78/86/42ad64208ba73452d43a4a1e6f7e5036e631.udd" 3398
"C:/Users/???/AppData/Local/UnrealEngine/Common/DerivedDataCache/Buckets/LegacyTEXTURE/de/13/23eb9408ff4aed4e491b4630975dca7c8691.udd" 3399
"C:/Users/???/AppData/Local/UnrealEngine/Common/DerivedDataCache/Buckets/LegacyTEXTURE/18/d6/b6bd514fee4753b4bbdbf46f0af16c251b47.udd" 3400
"C:/Unreal_Study/UE5/UE_Project/MyProject/Content/PixieDustTrail/Textures/T_Gradient.uasset" 3401
"C:/Users/???/AppData/Local/UnrealEngine/Common/DerivedDataCache/Buckets/LegacyTEXTURE/3d/a9/b727a805ea0af76a9c46d48b2f20a0d9fe6f.udd" 3402
"C:/Users/???/AppData/Local/UnrealEngine/Common/DerivedDataCache/Buckets/LegacyTEXTURE/84/ca/a98c43212d487a110235f78eca4fa3568c4d.udd" 3403
"C:/Users/???/AppData/Local/UnrealEngine/Common/DerivedDataCache/Buckets/LegacyTEXTURE/65/c7/413237a3dc2ddfcd39f653bb3f3f3a9f2840.udd" 3404
"C:/Users/???/AppData/Local/UnrealEngine/Common/DerivedDataCache/Buckets/BulkDataList/24/cb/11ad9edb1ed79022716b70fec8b77a5c06fd.udd" 3405
"C:/Users/???/AppData/Local/UnrealEngine/Common/DerivedDataCache/Buckets/LegacyTEXTURE/8a/0c/7770a1d4ac76688d09e418f120666fe0c522.udd" 3406
"C:/Users/???/AppData/Local/UnrealEngine/Common/DerivedDataCache/Buckets/LegacyTEXTURE/cd/1b/05a372137b38c77d05241b8d983b593df0b4.udd" 3407
"C:/Users/???/AppData/Local/UnrealEngine/Common/DerivedDataCache/Buckets/LegacyTEXTURE/2b/ed/d2742eb7f4f7f38cf1605cd8f71061d5273e.udd" 3408
"C:/Users/???/AppData/Local/UnrealEngine/Common/DerivedDataCache/Buckets/LegacyTEXTURE/c7/35/7c5e5f519b8789847a9ff41e12476b57bb0d.udd" 3409
"C:/Users/???/AppData/Local/UnrealEngine/Common/DerivedDataCache/Buckets/LegacyTEXTURE/4e/8a/212314f82f7bb837955a78f49644fecbec44.udd" 3410
"C:/Users/???/AppData/Local/UnrealEngine/Common/DerivedDataCache/Buckets/LegacyTEXTURE/68/c1/dacfd0c08aca20b5d2487e9f19baa7101aa5.udd" 3411
"C:/Users/???/AppData/Local/UnrealEngine/Common/DerivedDataCache/Buckets/LegacyTEXTURE/42/33/d2ae80b993ba369946da4069367e7c917608.udd" 3412
"C:/Users/???/AppData/Local/UnrealEngine/Common/DerivedDataCache/Buckets/LegacyTEXTURE/43/38/449f63fe7d70c394e7c155650039bf8ef54d.udd" 3413
"C:/Users/???/AppData/Local/UnrealEngine/Common/DerivedDataCache/Buckets/LegacyTEXTURE/73/66/311d435ba217a08a510fdec553f63fcc85f4.udd" 3414
"C:/Users/???/AppData/Local/UnrealEngine/Common/DerivedDataCache/Buckets/LegacyTEXTURE/1c/69/dee097a3da50905ac2e08023d98b762e67e3.udd" 3415
"C:/Users/???/AppData/Local/UnrealEngine/Common/DerivedDataCache/Buckets/LegacyTEXTURE/ed/00/aaaf79b5c5d315ca456dd9823116873e0dc0.udd" 3416
"C:/Users/???/AppData/Local/UnrealEngine/Common/DerivedDataCache/Buckets/LegacyTEXTURE/78/f7/b9fff80eea8f2208e4e6bbb5647256bc40ce.udd" 3417
"C:/Users/???/AppData/Local/UnrealEngine/Common/DerivedDataCache/Buckets/BulkDataList/d6/49/84654f83bdac5b91d71c5232cd72266015b2.udd" 3418
"C:/Users/???/AppData/Local/UnrealEngine/Common/DerivedDataCache/Buckets/LegacyTEXTURE/a9/3a/6587770f6c6b6c94a7ed2ae29fd8a6ba81a8.udd" 3419
"C:/Users/???/AppData/Local/UnrealEngine/Common/DerivedDataCache/Buckets/LegacyTEXTURE/0b/b7/ccf2901598e8e5a2bfba32f94caa33bcce65.udd" 3420
"C:/Users/???/AppData/Local/UnrealEngine/Common/DerivedDataCache/Buckets/LegacyTEXTURE/c6/a3/ecb62956b903948f5c17b61a13872438a907.udd" 3421
"C:/Users/???/AppData/Local/UnrealEngine/Common/DerivedDataCache/Buckets/LegacyTEXTURE/bb/09/4fb8847709f5b064430ed00728ad3e9589bd.udd" 3422
"C:/Users/???/AppData/Local/UnrealEngine/Common/DerivedDataCache/Buckets/LegacyTEXTURE/d4/55/d7ead4d680b1d8f74dafe52a70d38e647be6.udd" 3423
"C:/Users/???/AppData/Local/UnrealEngine/Common/DerivedDataCache/Buckets/LegacyTEXTURE/70/e4/e7690e8f2a31b681bdb63f86418b13ed3a13.udd" 3424
"C:/Users/???/AppData/Local/UnrealEngine/Common/DerivedDataCache/Buckets/LegacyTEXTURE/08/23/1f5b98805115319c7db8710154e2cfaeda0d.udd" 3425
"C:/Users/???/AppData/Local/UnrealEngine/Common/DerivedDataCache/Buckets/LegacyTEXTURE/1d/ae/f8c9ea055d9afbd1566715cb9a297a11ea59.udd" 3426
"C:/Users/???/AppData/Local/UnrealEngine/Common/DerivedDataCache/Buckets/LegacyTEXTURE/1f/00/73c0634ed9ba37ba3f224cfabd3f97f0c4e9.udd" 3427
"C:/Unreal_Study/UE5/UE_Project/MyProject/Content/ParagonSevarog/FX/VectorFields/VF_TurbulentNoise_1_55.uasset" 3428
"C:/Users/???/AppData/Local/UnrealEngine/Common/DerivedDataCache/Buckets/LegacyTEXTURE/1e/da/a3f8115cc8b9b763cbb1dde88b1306f5f964.udd" 3429
"C:/Users/???/AppData/Local/UnrealEngine/Common/DerivedDataCache/Buckets/LegacyTEXTURE/f0/4f/735f682c590ad8ada5da974c13cd588ecaa9.udd" 3430
"C:/Users/???/AppData/Local/UnrealEngine/Common/DerivedDataCache/Buckets/LegacyTEXTURE/95/a1/09a7f895320b8012bbd7e671a715339f5e38.udd" 3431
"C:/Users/???/AppData/Local/UnrealEngine/Common/DerivedDataCache/Buckets/LegacyTEXTURE/b1/1d/52e20d7b426522266f3a918919731c34fcbc.udd" 3432
"C:/Users/???/AppData/Local/UnrealEngine/Common/DerivedDataCache/Buckets/LegacyTEXTURE/8f/2d/7387191f0153d195fce4ddf5c4c0050e212a.udd" 3433
"C:/Users/???/AppData/Local/UnrealEngine/Common/DerivedDataCache/Buckets/LegacyTEXTURE/09/e6/877285c441adf1610481a87678c412ab7ce5.udd" 3434
"C:/Users/???/AppData/Local/UnrealEngine/Common/DerivedDataCache/Buckets/LegacyTEXTURE/b3/cc/94f5f19cd0932d0ae06f4fff2ae7de46ebdc.udd" 3435
"C:/Users/???/AppData/Local/UnrealEngine/Common/DerivedDataCache/Buckets/LegacyTEXTURE/33/1a/9f96f22a840e2c1bb437ff688b37915a140d.udd" 3436
"C:/Users/???/AppData/Local/UnrealEngine/Common/DerivedDataCache/Buckets/LegacyTEXTURE/be/fa/b83f1fc2c93e79245559ef90aa519a7f1694.udd" 3437
"C:/Users/???/AppData/Local/UnrealEngine/Common/DerivedDataCache/Buckets/LegacyTEXTURE/10/f9/22b9d1c014bc1dd47ad966bd86d54f925d84.udd" 3438
"C:/Users/???/AppData/Local/UnrealEngine/Common/DerivedDataCache/Buckets/LegacyTEXTURE/00/b1/78782134932ba60ce0f59d65a5e6050fc795.udd" 3439
"C:/Users/???/AppData/Local/UnrealEngine/Common/DerivedDataCache/Buckets/LegacyTEXTURE/66/e6/6ae0bc63e0c792e37053256bde497a4c8442.udd" 3440
"C:/Users/???/AppData/Local/UnrealEngine/Common/DerivedDataCache/Buckets/LegacyTEXTURE/5b/1e/70a5c1f390269044033a1edd065dd9b15da5.udd" 3441
"C:/Unreal_Study/UE5/UE_Project/MyProject/Content/ParagonSevarog/FX/Textures/Water/T_Water_N.uasset" 3442
"C:/Users/???/AppData/Local/UnrealEngine/Common/DerivedDataCache/Buckets/LegacyTEXTURE/81/93/e43c75d3f16ddd13be96fe84987d97b7ea59.udd" 3443
"C:/Users/???/AppData/Local/UnrealEngine/Common/DerivedDataCache/Buckets/LegacyTEXTURE/ff/90/c3a2abb912884102d904e180218bc7348bc6.udd" 3444
"C:/Users/???/AppData/Local/UnrealEngine/Common/DerivedDataCache/Buckets/LegacyTEXTURE/4b/68/25dc22a5d2a1edef4ecdd438e964c3e20652.udd" 3445
"C:/Users/???/AppData/Local/UnrealEngine/Common/DerivedDataCache/Buckets/LegacyTEXTURE/44/5e/01030f98c1e15dfeb375949be629ac45e33e.udd" 3446
"C:/Users/???/AppData/Local/UnrealEngine/Common/DerivedDataCache/Buckets/LegacyTEXTURE/c5/e1/b51c2c54d75927c2ccf2ce57f344eaf405e0.udd" 3447
"C:/Users/???/AppData/Local/UnrealEngine/Common/DerivedDataCache/Buckets/LegacyTEXTURE/47/a0/33ed59d630fe305b8357e339bcc618972d09.udd" 3448
"C:/Users/???/AppData/Local/UnrealEngine/Common/DerivedDataCache/Buckets/LegacyTEXTURE/74/4b/160e7df6a6de74665d39c716543ee4eb08ad.udd" 3449
"C:/Users/???/AppData/Local/UnrealEngine/Common/DerivedDataCache/Buckets/LegacyTEXTURE/ce/9c/90a0bbde274630514f19c101054aeae4120b.udd" 3450
"C:/Users/???/AppData/Local/UnrealEngine/Common/DerivedDataCache/Buckets/LegacyTEXTURE/b1/0d/f3aa79d64e7e78adf2b51e305b2c254fc27f.udd" 3451
"C:/Users/???/AppData/Local/UnrealEngine/Common/DerivedDataCache/Buckets/LegacyTEXTURE/32/b8/50b443f1c42bc54a65945a53a9dd386bc991.udd" 3452
"C:/Users/???/AppData/Local/UnrealEngine/Common/DerivedDataCache/Buckets/LegacyTEXTURE/34/ea/f5a6c1b895c9c1973cb5e69d219ad973f495.udd" 3453
"C:/Users/???/AppData/Local/UnrealEngine/Common/DerivedDataCache/Buckets/LegacyTEXTURE/7f/33/c98a6c3e56b6b847e0625f51e42bb366efc8.udd" 3454
"C:/Users/???/AppData/Local/UnrealEngine/Common/DerivedDataCache/Buckets/LegacyTEXTURE/3b/30/69e76d5ffb4bd594a8d32088866d46ae70c0.udd" 3455
"C:/Users/???/AppData/Local/UnrealEngine/Common/DerivedDataCache/Buckets/LegacyTEXTURE/f6/54/15cbb41801ddd24ff8f827f5cea74ff251e3.udd" 3456
"C:/Users/???/AppData/Local/UnrealEngine/Common/DerivedDataCache/Buckets/LegacyTEXTURE/03/36/56ed162a085d9a3ab8e6b6d916592d44b4f1.udd" 3457
"C:/Unreal_Study/UE5/UE_Project/MyProject/Content/ParagonSevarog/FX/Textures/Tile/Noise/T_Voronoi_Cells_01.uasset" 3458
"C:/Users/???/AppData/Local/UnrealEngine/Common/DerivedDataCache/Buckets/LegacyTEXTURE/25/e2/68f642cab4920010ff6e4e9da0f10a1ed79f.udd" 3459
"C:/Users/???/AppData/Local/UnrealEngine/Common/DerivedDataCache/Buckets/LegacyTEXTURE/33/25/45ef843b88151ae1268a8e927c90cad71525.udd" 3460
"C:/Unreal_Study/UE5/UE_Project/MyProject/Content/ParagonSevarog/FX/Textures/Tile/Noise/T_TilingNoise12.uasset" 3461
"C:/Users/???/AppData/Local/UnrealEngine/Common/DerivedDataCache/Buckets/LegacyTEXTURE/e2/97/ede21a05580cee6fb983d5eca9b5d25f3f7a.udd" 3462
"C:/Unreal_Study/UE5/UE_Project/MyProject/Content/ParagonSevarog/FX/Textures/Tile/Noise/T_TilingNoise02.uasset" 3463
"C:/Unreal_Study/UE5/UE_Project/MyProject/Content/ParagonSevarog/FX/Textures/Tile/Noise/T_Swirly_Noise.uasset" 3464
"C:/Users/???/AppData/Local/UnrealEngine/Common/DerivedDataCache/Buckets/BulkDataList/ec/f7/b277be92f5a2399535f9d1640b74711fac3e.udd" 3465
"C:/Unreal_Study/UE5/UE_Project/MyProject/Content/ParagonSevarog/FX/Textures/Tile/Noise/T_Soft_Noise.uasset" 3466
"C:/Unreal_Study/UE5/UE_Project/MyProject/Content/ParagonSevarog/FX/Textures/Tile/Noise/T_Perlin_Soft_Packed_Gchannel_N.uasset" 3467
"C:/Unreal_Study/UE5/UE_Project/MyProject/Content/ParagonSevarog/FX/Textures/Tile/Noise/T_NormalNoise.uasset" 3468
"C:/Users/???/AppData/Local/UnrealEngine/Common/DerivedDataCache/Buckets/BulkDataList/99/3e/690a1b05aa71d41269b069282d73fd08605b.udd" 3469
"C:/Unreal_Study/UE5/UE_Project/MyProject/Content/ParagonSevarog/FX/Textures/Tile/Noise/T_NoiseBubbly_M.uasset" 3470
"C:/Users/???/AppData/Local/UnrealEngine/Common/DerivedDataCache/Buckets/BulkDataPayloadId/60/1f/016c4255a55704191d97455ce9f4025ccfb5.udd" 3471
"C:/Users/???/AppData/Local/UnrealEngine/Common/DerivedDataCache/Buckets/BulkDataList/28/07/53d0abe0a31e17a23d861fc850f411fc0df0.udd" 3472
"C:/Unreal_Study/UE5/UE_Project/MyProject/Content/ParagonSevarog/FX/Textures/Tile/Noise/T_Inky_Smoke_Tile.uasset" 3473
"C:/Users/???/AppData/Local/UnrealEngine/Common/DerivedDataCache/Buckets/BulkDataPayloadId/43/77/feee58849845e34f9de89cbab6f0fa747315.udd" 3474
"C:/Users/???/AppData/Local/UnrealEngine/Common/DerivedDataCache/Buckets/BulkDataList/ce/96/296e3d981e27052ddbfafc5c470a50a1b1d7.udd" 3475
"C:/Unreal_Study/UE5/UE_Project/MyProject/Content/ParagonSevarog/FX/Textures/Tile/Noise/T_AtmosphericCloudNoise03.uasset" 3476
"C:/Users/???/AppData/Local/UnrealEngine/Common/DerivedDataCache/Buckets/BulkDataPayloadId/0c/b9/e071f490b31c37bc53ed2ea8922aafbf22fd.udd" 3477
"C:/Unreal_Study/UE5/UE_Project/MyProject/Content/ParagonSevarog/FX/Textures/Tile/Heat/T_2ndInfectedMapLinear.uasset" 3478
"C:/Users/???/AppData/Local/UnrealEngine/Common/DerivedDataCache/Buckets/BulkDataList/77/49/bf6e93b333b523e87f941f27d77233393f85.udd" 3479
"C:/Users/???/AppData/Local/UnrealEngine/Common/DerivedDataCache/Buckets/BulkDataList/d5/e6/c7983aab314b66c531b22d3af046c98f748b.udd" 3480
"C:/Users/???/AppData/Local/UnrealEngine/Common/DerivedDataCache/Buckets/LegacyTEXTURE/6f/66/d1a4fde5cc7d572a46cf27d0a93c522aecf7.udd" 3481
"C:/Users/???/AppData/Local/UnrealEngine/Common/DerivedDataCache/Buckets/LegacyTEXTURE/a2/2c/bf2fdb090f272c20cc97309d35189f0040f7.udd" 3482
"C:/Users/???/AppData/Local/UnrealEngine/Common/DerivedDataCache/Buckets/LegacyTEXTURE/8f/68/ee61a91717bba017ce6413474728a815646c.udd" 3483
"C:/Users/???/AppData/Local/UnrealEngine/Common/DerivedDataCache/Buckets/LegacyTEXTURE/70/b5/fd40df51becedee1755fc28e8359048aeec9.udd" 3484
"C:/Users/???/AppData/Local/UnrealEngine/Common/DerivedDataCache/Buckets/LegacyTEXTURE/2f/6e/776520b420cf8d54bd39ec67ec16f0bdb552.udd" 3485
"C:/Users/???/AppData/Local/UnrealEngine/Common/DerivedDataCache/Buckets/MaterialShaderMap/e5/80/bb87fd0d75c0235c9f2d34aebbfa6f111792.udd" 3486
"C:/Users/???/AppData/Local/UnrealEngine/Common/DerivedDataCache/Buckets/MaterialShaderMap/d2/25/05d233b006ef6004b960bab2cbda697fff64.udd" 3487
"C:/Users/???/AppData/Local/UnrealEngine/Common/DerivedDataCache/Buckets/LegacyTEXTURE/4d/96/0603ae285c82b4f180a9e04f4161686234c0.udd" 3488
"C:/Users/???/AppData/Local/UnrealEngine/Common/DerivedDataCache/Buckets/LegacyTEXTURE/8f/86/615b16f7459c66721723e7b565be87069ddc.udd" 3489
"C:/Users/???/AppData/Local/UnrealEngine/Common/DerivedDataCache/Buckets/LegacyTEXTURE/f8/1a/cd08338669f45e7f6430376a331a4fd9c014.udd" 3490
"C:/Users/???/AppData/Local/UnrealEngine/Common/DerivedDataCache/Buckets/LegacyTEXTURE/91/9d/31ab4b616de64788e815fb11aa1f4a3ff115.udd" 3491
"C:/Users/???/AppData/Local/UnrealEngine/Common/DerivedDataCache/Buckets/LegacyTEXTURE/b4/d0/cebc087f342cad1dbbc564101b59abeb25ac.udd" 3492
"C:/Users/???/AppData/Local/UnrealEngine/Common/DerivedDataCache/Buckets/LegacyTEXTURE/f2/87/707c0428432747b0b299cf2cdbf53c2d217c.udd" 3493
"C:/Users/???/AppData/Local/UnrealEngine/Common/DerivedDataCache/Buckets/MaterialShaderMap/87/7b/fcd7f3b5fbfbe2c6f00bbca4d2b87b1e998f.udd" 3494
"C:/Users/???/AppData/Local/UnrealEngine/Common/DerivedDataCache/Buckets/LegacyTEXTURE/f1/5a/993e95eca2392ad9125bd9c8d090909ef1b7.udd" 3495
"C:/Users/???/AppData/Local/UnrealEngine/Common/DerivedDataCache/Buckets/LegacyTEXTURE/6b/e2/adce1d2143d8e34381d8ab19bf533bc6524f.udd" 3496
"C:/Users/???/AppData/Local/UnrealEngine/Common/DerivedDataCache/Buckets/LegacyTEXTURE/1b/1e/e62d48be83414a2544b8866ed6fcd9d7e9bd.udd" 3497
"C:/Users/???/AppData/Local/UnrealEngine/Common/DerivedDataCache/Buckets/LegacyTEXTURE/9d/2f/f19af1a9e821754fcdda911ed01e76310a21.udd" 3498
"C:/Users/???/AppData/Local/UnrealEngine/Common/DerivedDataCache/Buckets/MaterialShaderMap/58/6c/a1c1de1cff337eb81bd47915c0ee91909e98.udd" 3499
"C:/Users/???/AppData/Local/UnrealEngine/Common/DerivedDataCache/Buckets/LegacyAudio/13/97/3855d22a1efc4ec49ebbbbf6287279c868ea.udd" 3500
"C:/Users/???/AppData/Local/UnrealEngine/Common/DerivedDataCache/Buckets/LegacySTREAMEDAUDIO/70/70/ae84c42f900461e08c08f3f403c84796dce3.udd" 3501
"C:/Users/???/AppData/Local/UnrealEngine/Common/DerivedDataCache/Buckets/LegacySTREAMEDAUDIO/3f/32/e4432149e98dfefdbeceaf4c44c528833c05.udd" 3502
"C:/Users/???/AppData/Local/UnrealEngine/Common/DerivedDataCache/Buckets/LegacySTREAMEDAUDIO/a4/2f/9a1f44c78cc2c78621de83e94de02afedeb6.udd" 3503
